"lab","polarity","anchor_n","replicate","source","apex_rt","areaUnderTic","xicFwhm","maxIntensity","signalToNoiseRatio"
"afekta","neg",1,1,"own",26.33299999998,38891.7066866843,0.59900000004,7034.9375,138.382636732352
"afekta","neg",2,1,"own",28.12900000002,32849.9699788582,1.197,16998.439453125,361.892840912906
"afekta","neg",3,1,"own",33.51499999998,58120.0926260723,2.394,18850.43359375,487.775502719472
"afekta","neg",4,1,"own",50.271,197354.328658774,1.79500000002,63906.4140625,1281.60899773679
"afekta","neg",5,1,"own",117.29599999998,253552.856254895,1.79499999996,84318.4453125,2135.72297893904
"afekta","neg",6,1,"own",201.67600000002,388263.812264969,1.19699999999997,171381.046875,7270.56018941896
"afekta","neg",7,1,"own",245.36200000002,502461.769863946,1.19700000000003,243557.78125,8575.02220237879
"afekta","neg",8,1,"own",279.47299999998,651739.88946374,1.79499999996,306374.6875,15883.2674030355
"afekta","neg",9,1,"own",309.39499999998,765142.111464911,1.19700000000006,357616.03125,8399.04231743846
"afekta","neg",10,1,"own",336.924,860025.122679996,1.79599999997998,396255.3125,7016.01012688169
"afekta","neg",11,1,"own",362.661,883956.873213408,1.79500000001997,410184.8125,5952.79245654317
"afekta","neg",12,1,"own",387.79600000002,986864.37854031,1.197,444084.75,10392.5280386462
"afekta","neg",13,1,"own",411.73300000002,1005191.03104099,1.197,480731.21875,22619.4013181553
"afekta","neg",14,1,"own",435.67099999998,899282.153977988,1.19699999999995,425763.53125,6074.24230736279
"afekta","neg",15,1,"own",459.01000000002,543781.826795387,1.19700000000006,266696.21875,5422.55862760447
"afekta","neg",16,1,"own",482.349,163454.950158774,1.19699999999995,70369.8515625,5902.51642917771
"afekta","neg",17,1,"own",504.498,21122.9931776834,0.598000000019965,9782.1708984375,111.662206016227
"afekta","neg",18,1,"own",526.63999999998,28456.9208388173,0.598000000019965,3866.58831787109,82.445332383119
"afekta","neg",19,1,"own",547.58500000002,68317.121341206,0.598999999980038,9555.61108398438,294.579655497229
"afekta","neg",20,1,"own",567.33400000002,59122.2353548893,1.197,19363.671875,466.838926411804
"afekta","neg",1,2,"own",26.66500000002,26543.9053814041,0.597999999959999,4911.111328125,169.60215444757
"afekta","neg",2,2,"own",27.861,27954.8767994037,1.197,15176.59765625,943.641757098517
"afekta","neg",3,2,"own",33.24700000002,43119.0479948811,1.79500195314001,16071.1787109375,439.891669047404
"afekta","neg",4,2,"own",50.004,136397.616961542,1.79599999998,52977.875,799.575067003094
"afekta","neg",5,2,"own",117.62800000002,210089.820104272,1.79500000002,65205.67578125,2011.10281664825
"afekta","neg",6,2,"own",202.014,317745.594940601,1.19700000000003,135561.296875,4915.15653178251
"afekta","neg",7,2,"own",245.7,436466.738363699,1.19700000000003,207247.0625,9794.8118035947
"afekta","neg",8,2,"own",279.81100000002,538376.504008532,1.79500000001997,251198.9375,2291.19371464192
"afekta","neg",9,2,"own",309.73999999998,656991.546361993,1.19600000003999,321372.71875,14917.7442075995
"afekta","neg",10,2,"own",337.26799999998,756355.96355056,1.19699999999995,362733.34375,10358.5927438863
"afekta","neg",11,2,"own",363.00100000002,790801.554853927,1.19700000000006,391584.875,2433.55528519323
"afekta","neg",12,2,"own",387.537,865950.352299564,1.19700000000006,389948.34375,4763.67040116886
"afekta","neg",13,2,"own",412.07299999998,916723.179091392,1.197,435768.6875,9744.22073083815
"afekta","neg",14,2,"own",435.41200000002,912779.353269986,1.79500000001997,380228.5625,18240.200737925
"afekta","neg",15,2,"own",459.34999999998,500414.027658431,1.19699999999995,234565.546875,5753.92337745319
"afekta","neg",16,2,"own",482.097,151294.063710976,1.79599999997998,65266.78125,698.812122787857
"afekta","neg",17,2,"own",504.837,64399.6709337799,1.197,7437.76953125,328.897526776226
"afekta","neg",18,2,"own",527.57800000002,28410.8313469439,1.79599999997981,2604.501953125,96.3298844207812
"afekta","neg",19,2,"own",547.92499999998,55855.9559517333,0.597999999959939,4950.2763671875,328.821850389632
"afekta","neg",20,2,"own",567.67399999998,42740.014823114,1.79500000001985,14635.6728515625,724.487143252215
"afekta","neg",1,3,"own",26.81800000002,14137.1990165202,0.59900000004,5122.96630859375,81.7916983766421
"afekta","neg",2,3,"own",28.01500000002,30775.6335841562,0.597999999959999,16476.26953125,362.696329180743
"afekta","neg",3,3,"own",32.802,40362.3247100426,1.79500195314,15000.5849609375,170.528568374499
"afekta","neg",4,3,"own",50.157,142138.525294259,1.79599999998,50738.890625,356.612500787204
"afekta","neg",5,3,"own",117.78700000002,220070.298617198,1.79500000002,69560.609375,1991.07688709103
"afekta","neg",6,3,"own",201.56800000002,300537.016538434,1.79500000002,127579.484375,2462.47078153522
"afekta","neg",7,3,"own",245.859,429532.890564021,1.19699999999997,197003.578125,8123.54513783346
"afekta","neg",8,3,"own",279.97000000002,572067.018148239,1.19599999998002,264114.3125,3137.35806662241
"afekta","neg",9,3,"own",309.89200000002,702311.950267551,1.19599999998002,324062.8125,5834.86404727292
"afekta","neg",10,3,"own",337.42000000002,750483.110518752,1.197,373795.53125,6542.72214674877
"afekta","neg",11,3,"own",363.153,792597.963145445,1.197,386141.21875,8601.72014503131
"afekta","neg",12,3,"own",387.68899999998,899798.724886421,1.19700000000006,426745.1875,5962.39932238751
"afekta","neg",13,3,"own",411.633,923140.195072018,1.79500000002002,417249.4375,5831.28050389429
"afekta","neg",14,3,"own",435.57100000002,789137.788063425,1.197,399113.71875,2161.28111747235
"afekta","neg",15,3,"own",458.91,499503.622781721,1.197,240264.34375,3607.53777919904
"afekta","neg",16,3,"own",482.24899999998,138394.268199601,1.197,59855.32421875,2989.04356047899
"afekta","neg",17,3,"own",504.99,43093.4385626974,1.197,7852.85498046875,502.771973816683
"afekta","neg",18,3,"own",527.73,34350.7463725477,1.197,3600.06579589844,21.135618772563
"afekta","neg",19,3,"own",548.07700000002,25191.0291258944,1.197,5689.6923828125,72.173341648177
"afekta","neg",20,3,"own",567.234,42540.1804844871,1.197,19615.5703125,133.141269045317
"afekta","neg",1,4,"own",26.84899999998,8460.87947226891,1.19599999998,3952.16430664062,53.5160695708757
"afekta","neg",2,4,"own",28.04599999998,27016.8268418953,0.598000000019997,17128.935546875,979.641872642183
"afekta","neg",3,4,"own",32.83300000002,49235.0429996983,1.79500000002,16673,450.210866844579
"afekta","neg",4,4,"own",50.18800000002,153243.531462189,1.79500000002,56644.328125,1886.65453936554
"afekta","neg",5,4,"own",118.41,225889.537776614,2.39299999998001,63503.5078125,1122.0514223992
"afekta","neg",6,4,"own",201.594,329685.716341892,1.79499999996,132160.015625,4953.20886679018
"afekta","neg",7,4,"own",245.87800000002,424237.287402156,1.19699999999997,199460.484375,6643.6254683422
"afekta","neg",8,4,"own",279.98899999998,570574.014355924,1.19700000000006,292289.09375,1966.67468420284
"afekta","neg",9,4,"own",309.91099999998,674887.234697537,1.197,327451.8125,8525.91420026571
"afekta","neg",10,4,"own",337.44,751010.393201547,1.197,353234.9375,5180.81734010935
"afekta","neg",11,4,"own",363.17200000002,821767.43269787,1.197,366400.53125,6240.97495850449
"afekta","neg",12,4,"own",387.708,909251.545190681,1.197,414048.0625,10567.6214902224
"afekta","neg",13,4,"own",411.64600000002,943101.163485333,1.79500000002002,421992.6875,8836.00314240208
"afekta","neg",14,4,"own",435.58399999998,837985.40387466,1.19700000000006,400320.34375,4385.97119903463
"afekta","neg",15,4,"own",458.92300000002,484938.684621607,1.197,221500.65625,5490.82845120709
"afekta","neg",16,4,"own",482.262,124093.123725246,1.19600000004004,60360.56640625,745.293701319346
"afekta","neg",17,4,"consensus",505.00300000002,58517.2438879098,1.19699999999995,6775.3017578125,82.8521666372164
"afekta","neg",18,4,"own",526.54699999998,56988.2662850107,1.19600000003993,3906.015625,114.849516136179
"afekta","neg",19,4,"own",547.49200000002,13583.632901758,1.79500000001997,4977.794921875,31.4298538779542
"afekta","neg",20,4,"own",567.243,37495.7626698765,1.197,17968.265625,923.229577536954
"afekta","neg",1,5,"own",26.29900000002,22390.9257980668,0.597999999960003,6756.98095703125,435.332400681075
"afekta","neg",2,5,"own",28.09399999998,27528.6284137999,1.19599999998,14701.1435546875,255.1081777491
"afekta","neg",3,5,"own",33.48,49817.1806738913,1.79500000002,16056.0771484375,557.450963675158
"afekta","neg",4,5,"own",50.23600000002,160188.868836852,1.19699999999999,55534.92578125,567.903691668854
"afekta","neg",5,5,"own",118.45900000002,213844.104961268,1.79499999996,72924.09375,1954.18329599149
"afekta","neg",6,5,"own",201.642,305655.799426013,1.79599999997998,134286.671875,1470.98897245397
"afekta","neg",7,5,"own",245.92600000002,420380.059376259,1.19699999999997,198002.15625,1442.51260888283
"afekta","neg",8,5,"own",280.03699999998,577973.962325732,1.19700000000006,279665.90625,3649.01454550981
"afekta","neg",9,5,"own",309.95899999998,672321.783876136,1.197,330275.40625,5736.13277893562
"afekta","neg",10,5,"own",337.488,745150.727350474,1.19699999999995,369658,5716.74145503719
"afekta","neg",11,5,"own",363.22099999998,834769.76328166,1.197,402558.21875,5142.94467424465
"afekta","neg",12,5,"own",387.76099999998,924053.671450266,1.79599999997998,420662.90625,5680.58630171698
"afekta","neg",13,5,"own",412.29700000002,924092.047440717,1.19700000000006,431075.46875,9744.1197263925
"afekta","neg",14,5,"own",435.636,830625.504343113,1.197,402893.65625,7242.59983577986
"afekta","neg",15,5,"own",458.97499999998,472030.793327628,1.79499999996,215185.34375,3721.65840565482
"afekta","neg",16,5,"own",482.31400000002,165781.387134293,1.19699999999995,66545.71875,3247.85490694978
"afekta","neg",17,5,"own",505.65400000002,34359.2906466452,1.19699999999995,5269.57568359375,159.5248996556
"afekta","neg",18,5,"own",526.605,26673.0142316159,2.39399999999989,2551.7890625,56.7498939640963
"afekta","neg",19,5,"own",548.14900000002,16818.6559284434,1.197,6134.26391601562,266.481882323645
"afekta","neg",20,5,"own",567.29899999998,34123.5389631919,1.79499999995994,14219.0302734375,83.4546738086261
"afekta","neg",1,6,"own",26.20999999998,9661.70695097405,1.197,4418.05712890625,76.145948547145
"afekta","neg",2,6,"own",28.00600000002,24956.3365852742,1.79500000002,11163.525390625,150.585557693424
"afekta","neg",3,6,"own",33.39199999998,47964.2669739292,2.39300000004,16904.5234375,675.587866917809
"afekta","neg",4,6,"own",50.148,138590.502501229,1.79599999998,57081.08984375,1282.55630166132
"afekta","neg",5,6,"own",118.36999999998,227262.603894,1.79499999996,69088.2421875,2030.56434792075
"afekta","neg",6,6,"own",202.152,310773.70220533,1.19700000000003,137298.203125,2897.12750215087
"afekta","neg",7,6,"own",245.838,483239.442895596,1.19699999999997,215987.40625,3656.75349105543
"afekta","neg",8,6,"own",279.94900000002,581561.831592305,1.197,284591.0625,8678.12329396012
"afekta","neg",9,6,"own",309.87100000002,689770.974449317,1.197,327430.78125,3392.84889659363
"afekta","neg",10,6,"own",337.39900000002,747706.063338411,1.197,369995.8125,6005.35377375961
"afekta","neg",11,6,"own",363.132,822588.088626083,1.19700000000006,405442.9375,9119.11567449155
"afekta","neg",12,6,"own",387.66799999998,955028.852324757,1.79499999996005,423544.78125,65583.9497282296
"afekta","neg",13,6,"own",412.20400000002,967716.722672327,1.197,445953.75,4396.54770164106
"afekta","neg",14,6,"own",435.543,866234.764828974,1.197,398895.125,4444.44550177586
"afekta","neg",15,6,"own",458.883,477438.1995239,1.19599999998002,221521.828125,5039.35942207476
"afekta","neg",16,6,"own",482.22199999998,124848.319260881,1.19700000000012,61155.6328125,459.721029058076
"afekta","neg",17,6,"own",504.96199999998,27215.1356732244,1.197,6074.61572265625,231.647357784133
"afekta","neg",18,6,"own",526.512,32202.7262047929,1.79500000002008,3080.205078125,107.286615683711
"afekta","neg",19,6,"own",548.05600000002,31197.5771701201,1.19599999998002,5112.9814453125,42.3985894540529
"afekta","neg",20,6,"own",567.20599999998,53589.2239712192,0.59900000003995,18681.67578125,231.417772298279
"afekta","pos",1,1,"own",26.688,53520.8038290406,1.79500000002,24492.41796875,266.857315345916
"afekta","pos",2,1,"own",28.48399999998,183881.496721328,1.197,78918.6796875,1655.68130436893
"afekta","pos",3,1,"own",33.87,250902.239056926,1.79500000002,81331.4375,2301.21578919836
"afekta","pos",4,1,"own",51.82300000002,676008.010134626,1.79499999996,256114.484375,5293.43429275705
"afekta","pos",5,1,"own",124.23400000002,785699.436803092,1.79499999995998,281642.6875,8125.74191787065
"afekta","pos",6,1,"own",204.42499999998,836063.332812964,1.19599999998002,408357.15625,17854.1775124692
"afekta","pos",7,1,"own",247.51300000002,1003400.18986604,1.19699999999997,480587.03125,39334.0841976216
"afekta","pos",8,1,"own",281.62399999998,1200624.44678618,1.19700000000006,574287.0625,14616.8876793298
"afekta","pos",9,1,"own",311.54599999998,1447280.01906398,1.197,723945,19143.7849356944
"afekta","pos",10,1,"own",339.07399999998,1223759.3680729,1.19599999998002,572457.9375,8984.08820749814
"afekta","pos",11,1,"own",364.20799999998,1216019.82852649,1.79499999996,564386.5,12709.7112435438
"afekta","pos",12,1,"own",389.343,1374871.79959301,1.19600000003999,650062.75,13171.7667735647
"afekta","pos",13,1,"own",413.28499999998,1440125.34969913,1.19699999999995,710704.25,19219.4650506677
"afekta","pos",14,1,"own",437.223,1345441.5601105,1.19699999999995,607864.125,8026.37361303983
"afekta","pos",15,1,"own",460.56199999998,976091.884654072,1.19599999998002,447315.625,16413.9371297621
"afekta","pos",16,1,"own",483.303,369267.049841334,1.19700000000006,165664.296875,3783.11648310496
"afekta","pos",17,1,"own",506.04400000002,81648.651148345,1.197,34735.140625,591.432305276152
"afekta","pos",18,1,"own",528.186,53619.2650454525,1.197,19618.84765625,265.960784007462
"afekta","pos",19,1,"own",548.53300000002,96915.4049304622,1.197,43033.95703125,179.342968263012
"afekta","pos",20,1,"own",568.287,334701.594700577,1.197,165724.3125,2273.26686463692
"afekta","pos",1,2,"own",27.096,61072.8039842741,1.197,21889.046875,503.227796257852
"afekta","pos",2,2,"own",28.293,148931.212239237,1.197,78252.4453125,713.062033279408
"afekta","pos",3,2,"own",33.67900000002,193769.87943303,1.79600000004,72031.3515625,963.250968049695
"afekta","pos",4,2,"own",52.23,613208.656191203,1.197,246152.3125,5346.60676175288
"afekta","pos",5,2,"own",124.64200000002,721659.817069864,1.79500000002001,241766.8125,4719.71395593977
"afekta","pos",6,2,"own",204.24,755179.060872496,1.197,349372.40625,19899.7532952781
"afekta","pos",7,2,"own",247.926,932290.80727001,1.19699999999997,424107.65625,28498.4818766629
"afekta","pos",8,2,"own",282.03700000002,1153725.07015141,1.19700000000006,527016.4375,23016.6710466912
"afekta","pos",9,2,"own",311.96599999998,1360952.32669713,1.19699999999995,639689.25,19379.4203555594
"afekta","pos",10,2,"own",338.895,1161500.17660585,1.79500000001997,521216.0625,25680.2830188431
"afekta","pos",11,2,"own",364.62799999998,1178264.80165067,1.197,562362.9375,15986.632665175
"afekta","pos",12,2,"own",389.16400000002,1279632.01829096,1.79500000002002,591099.5,9358.54053288911
"afekta","pos",13,2,"own",413.70100000002,1350926.0319769,1.19699999999995,619269,7495.11337733005
"afekta","pos",14,2,"own",437.04,1299399.20803528,1.19699999999995,626323.8125,8684.40894420962
"afekta","pos",15,2,"own",460.38499999998,923970.48448069,1.19699999999995,438582.5,14056.6712205378
"afekta","pos",16,2,"own",483.72400000002,345537.013022646,1.19700000000006,145459.296875,7298.82958307333
"afekta","pos",17,2,"own",506.46499999998,67434.9418081319,1.19699999999995,25988.00390625,458.890310590339
"afekta","pos",18,2,"own",528.60700000002,32160.6952093299,1.19600000004004,11910.896484375,122.015247125624
"afekta","pos",19,2,"own",548.95399999998,57500.7342168281,1.197,26785.775390625,149.350983308685
"afekta","pos",20,2,"own",568.70299999998,211134.623822641,1.197,90013.984375,1074.71298550114
"afekta","pos",1,3,"own",26.607,50890.9661543009,0.598999999980002,24230.45703125,367.196304445219
"afekta","pos",2,3,"own",28.40299999998,144261.562380365,1.197,76225.0703125,1497.95463520651
"afekta","pos",3,3,"own",33.789,208894.098994839,1.79500000002,71097.09375,1949.07387236255
"afekta","pos",4,3,"own",51.74200000002,605649.453544302,1.79500000002,239337.171875,2057.28697076979
"afekta","pos",5,3,"own",124.752,733809.925888667,1.79599999997997,247158.546875,7218.58814406601
"afekta","pos",6,3,"own",204.94699999998,763712.106832395,1.19699999999997,353655.46875,13257.5589938266
"afekta","pos",7,3,"own",247.43599999998,916645.929689837,1.19699999999997,432311.75,7204.88976751522
"afekta","pos",8,3,"own",282.14599999998,1173399.4001518,1.19699999999995,539088.5625,17922.0552253314
"afekta","pos",9,3,"own",311.469,1398008.8911463,1.79500000001997,631860.3125,15750.543489813
"afekta","pos",10,3,"own",338.99800000002,1169027.38486684,1.197,555781.375,8452.29650980431
"afekta","pos",11,3,"own",364.737,1180118.1544715,1.19699999999995,563808.25,8829.77529106921
"afekta","pos",12,3,"own",389.27299999998,1278570.50098097,1.197,604259.5625,10626.0656448146
"afekta","pos",13,3,"own",413.20999999998,1369634.58178067,1.79499999996,632634.25,12712.7802923749
"afekta","pos",14,3,"own",437.148,1238537.93602898,1.197,594164.25,11346.1328691948
"afekta","pos",15,3,"own",460.48699999998,859975.625153107,1.19699999999995,435892.03125,10748.2472430287
"afekta","pos",16,3,"own",483.82600000002,312545.311597127,1.19699999999995,139577.15625,2079.2574552288
"afekta","pos",17,3,"own",506.57299999998,67624.5842661253,1.19599999998002,26923.6796875,627.808381875916
"afekta","pos",18,3,"own",528.117,48455.2963256693,1.197,14354.458984375,339.259857469453
"afekta","pos",19,3,"own",549.063,70537.8443888359,1.19700000000012,33335.08984375,94.274979780938
"afekta","pos",20,3,"own",568.81099999998,244666.520625302,1.197,111185.8515625,990.821371621451
"afekta","pos",1,4,"own",26.78500000002,49859.8494212283,1.197,24229.2265625,451.763839329898
"afekta","pos",2,4,"own",28.581,150359.216803947,1.197,72925.1640625,776.02455828445
"afekta","pos",3,4,"own",33.96700000002,228677.541368351,1.79499999996001,72114.0546875,1570.30051836628
"afekta","pos",4,4,"own",51.91999999998,607512.741594856,1.79599999998,240232.71875,5340.85463132139
"afekta","pos",5,4,"own",124.929,727673.236134857,1.79500000002,246827.4375,10638.5168505044
"afekta","pos",6,4,"own",204.522,742359.911454576,1.19600000003999,370892.28125,10784.0147814295
"afekta","pos",7,4,"own",247.60999999998,916495.768784829,1.19699999999997,432709.71875,11280.7450035623
"afekta","pos",8,4,"own",281.721,1133612.56212081,1.79599999997998,521764.65625,7496.26444518401
"afekta","pos",9,4,"own",311.643,1361187.83625755,1.197,640822,34042.4389044506
"afekta","pos",10,4,"own",339.17599999998,1123476.39009435,1.197,516162.5625,17106.163482648
"afekta","pos",11,4,"own",364.90900000002,1160728.39971907,1.19699999999995,528667.4375,18185.8268156527
"afekta","pos",12,4,"own",389.445,1291158.66815086,1.19699999999995,602697.6875,9614.94621453559
"afekta","pos",13,4,"own",413.38300000002,1357054.67847564,1.19599999998002,661886.75,10604.9471517158
"afekta","pos",14,4,"own",437.32099999998,1252316.84385722,1.19700000000006,581199.9375,7614.88831157027
"afekta","pos",15,4,"own",460.66000000002,861151.013539298,1.19700000000006,439143.96875,8432.07568423547
"afekta","pos",16,4,"own",483.40699999998,313145.292823086,1.19700000000012,136073.109375,4598.1080489828
"afekta","pos",17,4,"own",506.74600000002,63573.5231638678,1.197,25392.72265625,929.471390689632
"afekta","pos",18,4,"own",527.691,36341.4680236521,1.197,11245.1630859375,109.344443345545
"afekta","pos",19,4,"own",549.23500000002,59766.5989474734,1.79599999997993,23533.572265625,74.8484223605608
"afekta","pos",20,4,"own",568.38499999998,203540.859756589,1.19699999999989,97280.671875,1106.27858929808
"afekta","pos",1,5,"own",26.865,60799.7486250416,1.79599999998,22027.66796875,1250.95692484839
"afekta","pos",2,5,"own",28.66000000002,169988.62088585,1.197,82863.6328125,3301.09947764226
"afekta","pos",3,5,"own",33.44800000002,251681.40036613,1.79600000004,81381.7265625,1970.02785487463
"afekta","pos",4,5,"own",51.999,692920.922202562,1.79500000002001,257298.90625,3292.73987402405
"afekta","pos",5,5,"own",125.607,797287.324870593,2.39299999998001,259042.234375,4533.59820589849
"afekta","pos",6,5,"own",204.60799999998,793142.733969029,1.197,389192.46875,14787.2895685014
"afekta","pos",7,5,"own",247.695,957624.661685324,1.79500000001997,451411.28125,5981.29374331429
"afekta","pos",8,5,"own",282.405,1160795.1757618,1.79500000002002,515966.53125,10864.6863188769
"afekta","pos",9,5,"own",311.72899999998,1347702.9894221,1.79500000002002,624820.625,15886.2338678454
"afekta","pos",10,5,"own",339.26299999998,1119296.04943943,1.19599999997996,520623.71875,16463.723642355
"afekta","pos",11,5,"own",364.99600000002,1174964.71104368,1.19699999999995,560978.1875,13342.2612823197
"afekta","pos",12,5,"own",389.532,1268729.36022874,1.19600000003999,608951.9375,19315.062175163
"afekta","pos",13,5,"own",413.47000000002,1365270.99980415,1.19699999999995,678439.125,13071.4408599628
"afekta","pos",14,5,"own",437.40700000002,1243101.07092802,1.197,571967.0625,16621.2019731018
"afekta","pos",15,5,"own",460.746,851698.209889643,1.197,424230.3125,11323.6129865516
"afekta","pos",16,5,"own",483.49300000002,280142.62918772,1.19599999998002,136223.015625,5134.38690436984
"afekta","pos",17,5,"own",506.23399999998,85407.4098437233,1.79599999997998,19356.064453125,488.291786569182
"afekta","pos",18,5,"own",528.37600000002,28146.070881662,1.19599999998002,14693.73828125,195.525831031026
"afekta","pos",19,5,"own",548.72299999998,43610.1051714437,1.19700000000012,20587.400390625,74.403396628919
"afekta","pos",20,5,"own",568.47199999998,178229.687332773,1.19700000000012,84283.5859375,1118.53083555617
"afekta","pos",1,6,"own",27.174,54394.6341026517,1.19600000004,24555.421875,805.113900067793
"afekta","pos",2,6,"own",28.371,165530.524052362,1.197,87273.2890625,725.237552337054
"afekta","pos",3,6,"own",33.75700000002,219382.415848642,2.39399804687999,81376.8984375,700.069785100037
"afekta","pos",4,6,"own",52.308,699359.779391552,1.19699999999999,267145.28125,6957.85974114666
"afekta","pos",5,6,"own",125.31799999998,747085.815595122,1.79499999996001,243810.5625,12283.7277451055
"afekta","pos",6,6,"own",204.91099999998,784205.447888977,1.197,397849.4375,9406.15100159501
"afekta","pos",7,6,"own",248.004,944807.407865744,1.19700000000003,455977.34375,9076.67230062142
"afekta","pos",8,6,"own",282.11500000002,1134651.85568832,1.19599999997996,537132.75,50236.3292275962
"afekta","pos",9,6,"own",312.03700000002,1336681.54810008,1.19599999998002,638016.5625,14998.1941489717
"afekta","pos",10,6,"own",338.967,1130472.50032782,1.79599999998004,524784.5625,16799.0090959464
"afekta","pos",11,6,"own",364.69999999998,1189417.06565629,1.197,563203.6875,18328.9502718096
"afekta","pos",12,6,"own",389.24200000002,1289320.73792671,1.79600000004001,576577.375,12607.1656971073
"afekta","pos",13,6,"own",413.778,1345731.80910482,1.19600000004004,598083.5625,11194.5484481832
"afekta","pos",14,6,"own",437.11699999998,1237354.5591078,1.19699999999995,592308,18720.0330846707
"afekta","pos",15,6,"own",460.45600000002,853746.943469981,1.19699999999995,432487.0625,25040.7522621339
"afekta","pos",16,6,"own",483.795,302226.855799664,1.19699999999995,125411.6875,3026.57615854583
"afekta","pos",17,6,"own",506.53600000002,53678.0419236574,1.79599999998004,21663.009765625,322.821578656888
"afekta","pos",18,6,"own",528.07999999998,31108.8048691145,1.1959999999799,12362.4697265625,202.569845585128
"afekta","pos",19,6,"own",549.03199999998,51715.4239057915,1.197,24796.537109375,105.616658258929
"afekta","pos",20,6,"own",568.78000000002,182263.359568064,1.19699999999989,88029.2578125,1026.31910361905
"cembio","neg",1,1,"own",25.95,27951.6433668131,0.998000000039998,10980.22265625,319.601384004285
"cembio","neg",2,1,"own",26.94799999998,48920.5654616026,1.49599999998,23080.46484375,467.750024201502
"cembio","neg",3,1,"own",29.44099999998,86547.4759559365,0.997999999979999,42263.62109375,695.738248092352
"cembio","neg",4,1,"own",41.90800000002,320813.477284027,0.996999999960003,123549.2421875,1565.35150110026
"cembio","neg",5,1,"own",122.697,485645.227030521,4.98700000001999,59824.30078125,10633.1963633428
"cembio","neg",6,1,"own",203.48599999998,700574.758188887,1.49599999998003,298109.5625,10435.3815149764
"cembio","neg",7,1,"own",247.371,966768.7634092,0.99799999998001,490711.46875,26964.8462423115
"cembio","neg",8,1,"own",282.28000000002,1244089.66884028,1.49599999998003,656232.5,34300.7974352702
"cembio","neg",9,1,"own",312.20200000002,1420762.59889986,1.49599999997997,751890.5,12039.3245014858
"cembio","neg",10,1,"own",339.132,1526210.58244092,1.49600000004,766560.5,14757.0221778304
"cembio","neg",11,1,"own",364.56499999998,1564209.86492351,0.998000000040008,763622.9375,18708.6780579741
"cembio","neg",12,1,"own",389.50000000002,1630216.82461544,0.997999999979982,786824.25,22201.0751215547
"cembio","neg",13,1,"own",413.43700000002,1534442.37060235,0.996999999959939,772401.4375,67517.1357822629
"cembio","neg",14,1,"own",437.37499999998,1121170.28117568,1.49599999997992,561043.9375,22302.181877934
"cembio","neg",15,1,"own",461.31199999998,546560.703947693,1.49600000004006,256131.453125,6725.42869641102
"cembio","neg",16,1,"own",485.25,123083.031354391,1.49600000004,48988.2734375,3262.97515227401
"cembio","neg",17,1,"own",508.689,55305.2949930462,3.98999999999995,5274.25537109375,170.435513794615
"cembio","neg",18,1,"consensus",544.09600000002,16461.9247315748,25.4330000000399,1112.28674316406,36.2779993583149
"cembio","neg",19,1,"own",554.07,17218.7685519226,0.499000000020146,1139.57604980469,67.0404586662007
"cembio","neg",20,1,"own",575.01499999998,10090.4398141179,1.49599999997997,1897.94421386719,90.3130156268978
"cembio","neg",1,2,"own",26.22,33211.9516023362,1.49800000002,11453.8251953125,443.710422327908
"cembio","neg",2,2,"own",26.71900000002,61049.3341668943,1.49800000002,28656.80859375,369.134418708954
"cembio","neg",3,2,"own",29.715,140984.637203492,0.998000000040001,47388.01953125,1009.57845773528
"cembio","neg",4,2,"own",41.69800000002,386938.937358101,0.997999999980003,147883.03125,821.337015255634
"cembio","neg",5,2,"own",123.08299999998,590329.376370765,4.99299999996002,78538.5078125,3093.80248154938
"cembio","neg",6,2,"own",203.47000000002,898173.838010489,0.998999999999967,404748.34375,16055.5722240509
"cembio","neg",7,2,"own",247.40800000002,1230238.79758081,1.49800000002003,615236.9375,37266.0979076825
"cembio","neg",8,2,"own",282.35800000002,1564599.55169113,1.49800000002,822812.125,42478.9059134881
"cembio","neg",9,2,"own",312.31600000002,1782046.37529774,0.997999999979982,943386.0625,49583.4155727249
"cembio","neg",10,2,"own",339.27799999998,1907901.14467973,1.49700000000001,964560.625,33364.0866009229
"cembio","neg",11,2,"own",364.74199999998,1908403.9935655,1.49799999995997,967330.875,28222.2757649766
"cembio","neg",12,2,"own",389.20699999998,1999424.36778052,1.49799999996003,1016720.5625,34474.4503930026
"cembio","neg",13,2,"own",413.67700000002,1836033.04939031,0.998999999999967,893415.0625,23343.9774449932
"cembio","neg",14,2,"own",437.643,1392293.24478111,0.999000000000024,689242,19698.533927639
"cembio","neg",15,2,"own",461.61,612622.470375676,0.998999999999967,300695.8125,5933.18538119328
"cembio","neg",16,2,"own",485.57599999998,107256.53249175,0.999000000000024,51493.88671875,1030.93307267559
"cembio","neg",17,2,"own",508.54300000002,48282.3534376686,3.99399999996001,4649.76025390625,107.357910332075
"cembio","neg",18,2,"consensus",532.00999999998,14813.1422587675,0.499000000020033,1908.44213867188,38.8158753865153
"cembio","neg",19,2,"consensus",553.97899999998,24971.2356555783,0.498999999959892,1151.75610351562,56.0078326204536
"cembio","neg",20,2,"own",574.45000000002,20813.3667056245,0.999000000000024,1969.77868652344,130.157268256576
"cembio","neg",1,3,"own",25.75699999998,30985.3234391167,1.49800000002,11543.072265625,276.30929519975
"cembio","neg",2,3,"own",26.256,76989.9410519758,1.49800000002,30972.626953125,963.632925378501
"cembio","neg",3,3,"own",29.25199999998,109304.80701787,0.997999999979999,48036.1328125,381.758043754934
"cembio","neg",4,3,"own",41.73400000002,389200.790875237,0.999000000000002,145890.625,770.702136746546
"cembio","neg",5,3,"own",123.11899999998,588538.924951312,4.49299999998,87240.7734375,3351.47520400746
"cembio","neg",6,3,"own",203.50600000002,897482.031948831,0.997999999979982,416424.71875,36216.2664819389
"cembio","neg",7,3,"own",247.44400000002,1208301.52085861,1.49699999999996,608646.375,30899.7771169385
"cembio","neg",8,3,"own",282.39499999998,1540589.58310188,0.999000000000024,808322.3125,33795.5235842472
"cembio","neg",9,3,"own",312.35200000002,1783613.52609202,0.999000000000024,933997.125,32618.9595009133
"cembio","neg",10,3,"own",339.31399999998,1911699.56863597,1.49799999995997,980046.5,24774.2470870326
"cembio","neg",11,3,"own",364.77799999998,1863912.38054843,0.998999999999967,993866.125,26323.7794197952
"cembio","neg",12,3,"own",389.244,1982508.28625031,1.49799999995997,1002775.375,20528.781817439
"cembio","neg",13,3,"own",413.20999999998,1834788.72663599,1.49699999999996,870880.0625,13746.9114507703
"cembio","neg",14,3,"own",437.67499999998,1371687.32819924,0.998999999999967,682148.125,14153.0843342066
"cembio","neg",15,3,"own",461.64100000002,579272.944264704,0.999000000000024,285142,8057.9852667751
"cembio","neg",16,3,"own",485.60800000002,101718.028644577,0.999000000000024,51117.7109375,957.234088077614
"cembio","neg",17,3,"own",509.07400000002,48202.5251826572,3.49500000000006,5667.5166015625,170.050598429638
"cembio","neg",18,3,"consensus",544.02499999998,26460.5062584524,15.47800000002,1559.04040527344,37.2425587112954
"cembio","neg",19,3,"own",554.50999999998,26895.5088499949,0.997999999980038,812.041320800781,55.1585193958027
"cembio","neg",20,3,"own",574.482,19071.7824862966,0.999000000000024,2219.51245117188,69.5513781630383
"cembio","neg",1,4,"own",26.36500000002,33530.0998854724,1.49800000002,9607.5185546875,489.805624384882
"cembio","neg",2,4,"own",27.36400000002,72449.9817965712,1.49800000002,27406.42578125,1323.21412789037
"cembio","neg",3,4,"own",29.86099999998,111184.398353644,0.499000000019997,50664.66015625,2441.65235792581
"cembio","neg",4,4,"own",41.34400000002,394958.580010864,0.998999999999995,147549.5,1420.48683532413
"cembio","neg",5,4,"own",121.731,597539.995294295,3.99399999996,79876.890625,3779.86326766661
"cembio","neg",6,4,"own",203.11600000002,893772.179769583,1.49700000000001,392557.875,23563.8250364405
"cembio","neg",7,4,"own",247.55299999998,1233347.51628398,0.99799999998001,625271.6875,31475.4813627737
"cembio","neg",8,4,"own",282.504,1546577.76873983,0.998000000040008,780128,39242.7306138683
"cembio","neg",9,4,"own",311.96500000002,1766922.83707556,0.997999999980038,884405.5,34825.3504290013
"cembio","neg",10,4,"own",339.426,1911069.37830786,0.998000000040008,955326.75,31833.2832761249
"cembio","neg",11,4,"own",364.89,1838553.81716912,0.998000000040008,950215.8125,23382.346852515
"cembio","neg",12,4,"own",389.355,1957711.44484402,0.999000000000024,985846.25,42706.559758281
"cembio","neg",13,4,"own",413.322,1793778.17230102,1.49799999995997,909816.75,14978.7126157688
"cembio","neg",14,4,"own",437.28799999998,1362936.19494543,1.49800000001994,665469.375,19885.2858459377
"cembio","neg",15,4,"own",461.25400000002,555051.250719154,1.49800000002,268874.59375,9296.11199146091
"cembio","neg",16,4,"own",485.22,110623.771409485,1.49800000002,45996.3515625,813.051559001836
"cembio","neg",17,4,"own",509.18599999998,47563.9384756995,3.99500000003997,4860.82080078125,123.112104698973
"cembio","neg",18,4,"consensus",532.15399999998,5869.35012446053,1.99699999997995,1507.49353027344,33.0171377967346
"cembio","neg",19,4,"own",554.12299999998,3881.06679840819,0.499000000020033,1046.45959472656,37.0198655429859
"cembio","neg",20,4,"own",574.095,28584.9440779783,0.499000000020033,2087.46997070312,69.1514756125616
"cembio","neg",1,5,"own",25.88599999998,28569.3217640539,1.497,10901.08984375,195.490178980807
"cembio","neg",2,5,"own",26.88400000002,64855.5208521252,1.49800000002,28956.294921875,1248.53188671655
"cembio","neg",3,5,"own",29.88,133480.174589562,0.998000000040001,50881.171875,1238.85580735406
"cembio","neg",4,5,"own",41.86300000002,379831.902070963,0.998999999999995,151380.1875,1102.07306453471
"cembio","neg",5,5,"own",122.74999999998,610386.854122959,4.49400000000001,85768.265625,3776.50222883571
"cembio","neg",6,5,"own",203.63599999998,893998.922995641,1.49800000001997,398960.09375,10078.6365999231
"cembio","neg",7,5,"own",247.57399999998,1201865.65552915,0.99799999998001,635101.875,17756.5794664647
"cembio","neg",8,5,"own",282.525,1527895.3399418,0.998999999999967,769737.25,42106.8701559636
"cembio","neg",9,5,"own",311.98300000002,1749468.9863569,0.998999999999967,886736.5,48506.941228516
"cembio","neg",10,5,"own",339.444,1887899.86096572,0.998999999999967,972058.1875,18570.9886175308
"cembio","neg",11,5,"own",364.908,1828931.31225617,0.999000000000024,937445.125,23132.7392205547
"cembio","neg",12,5,"own",389.37400000002,1922769.62765416,0.997999999980038,981275.75,43261.6501111189
"cembio","neg",13,5,"own",413.34199999998,1798039.00544046,1.49799999995997,898782.4375,44545.5198085103
"cembio","neg",14,5,"own",437.30899999998,1336683.87344578,1.49800000002,637157,19697.4030172787
"cembio","neg",15,5,"own",461.77399999998,531687.388889162,1.49800000002,249129.34375,4359.03926678382
"cembio","neg",16,5,"own",485.241,92404.7391486686,1.49700000000001,43823.40234375,1449.59448058003
"cembio","neg",17,5,"own",506.211,49184.5482748538,9.98599999997998,4551.0361328125,167.580603596881
"cembio","neg",18,5,"consensus",532.674,22201.9685139645,12.98200000002,1386.11145019531,31.5804942745818
"cembio","neg",19,5,"own",554.14399999998,7074.28275976576,0.499999999979991,1007.08862304688,27.8022465818664
"cembio","neg",20,5,"own",574.11499999998,11601.2413264548,1.49800000002006,1981.79919433594,140.731671546195
"cembio","neg",1,6,"own",25.749,48139.1740064145,1.497,11316.4365234375,853.438268326368
"cembio","neg",2,6,"own",26.74699999998,62753.5949071642,1.49799999996,31957.947265625,308.707864836166
"cembio","neg",3,6,"own",29.74300000002,107816.178961626,0.997999999980003,48551.97265625,601.898027758349
"cembio","neg",4,6,"own",41.72599999998,385855.421017059,0.999000000000002,150888.890625,1413.40634526475
"cembio","neg",5,6,"own",122.61199999998,598232.391432,4.99300000001999,81638.09375,4010.06036207883
"cembio","neg",6,6,"own",203.49799999998,925298.219381655,1.49699999999999,397961.84375,24462.8213292906
"cembio","neg",7,6,"own",247.43599999998,1225641.46560142,1.49699999999999,615673.9375,27054.101882432
"cembio","neg",8,6,"own",282.38599999998,1516581.69844517,0.999000000000024,807340.1875,18349.4435102132
"cembio","neg",9,6,"own",312.34399999998,1759444.53316057,0.997999999979982,916218.1875,40196.6383841896
"cembio","neg",10,6,"own",339.306,1891859.64062404,1.49800000002,1002246.3125,24474.5719849829
"cembio","neg",11,6,"own",364.77,1826139.45667407,1.49800000002,941763.625,24914.4187812252
"cembio","neg",12,6,"own",389.23600000002,1945638.42496269,1.49800000002,989899.8125,30315.4104515738
"cembio","neg",13,6,"own",413.202,1768989.0235041,1.49700000000007,856552.9375,30420.3292154355
"cembio","neg",14,6,"own",437.667,1307276.53879778,0.999000000000024,645946.1875,45295.1773420943
"cembio","neg",15,6,"own",461.637,503258.160927485,0.998000000040008,247872.28125,8955.90702067729
"cembio","neg",16,6,"own",485.60299999998,81352.3091597,0.997999999979982,38796.16796875,1346.87911307863
"cembio","neg",17,6,"consensus",506.07400000002,54998.7982822994,10.485,3959.44702148438,151.688283626441
"cembio","neg",18,6,"consensus",532.03699999998,16368.0615157051,12.9819999999601,1197.53173828125,15.004138289546
"cembio","neg",19,6,"own",554.00599999998,12148.9392411217,0.500000000040131,1339.00158691406,47.2492942308098
"cembio","neg",20,6,"own",574.47799999998,5250.95386077622,1.49800000002006,1828.13635253906,60.4608786916638
"cembio","pos",1,1,"own",26.14399999998,44146.302810442,0.67600000002,15221.134765625,359.116715067239
"cembio","pos",2,1,"own",27.49699999998,59350.346062108,1.35400000002,31772.90625,498.428493597525
"cembio","pos",3,1,"consensus",30.204,83176.1539952492,0.676999999980001,43064.609375,814.363087602909
"cembio","pos",4,1,"own",43.06300000002,364441.978905265,0.676999999980005,121030.7265625,1581.88981441611
"cembio","pos",5,1,"own",130.3699921875,386626.939537368,5.41499999999999,53396.9375,755.915932137217
"cembio","pos",6,1,"own",206.84899999998,505343.756310093,1.35300000000001,227717.265625,7755.69382691779
"cembio","pos",7,1,"own",250.16200000002,611801.230981455,0.676999999980012,291437.03125,7840.34327155344
"cembio","pos",8,1,"own",284.68099999998,742785.101678562,1.35300000000007,339682.1875,41011.3918440468
"cembio","pos",9,1,"own",315.13600000002,861652.373108,1.35400000002005,403452.46875,36875.3653048418
"cembio","pos",10,1,"own",341.53000000002,888519.85110368,0.676999999980012,432823.9375,8450.06813406853
"cembio","pos",11,1,"own",367.251,894553.987663584,1.35300000000001,448135.21875,11407.4544873155
"cembio","pos",12,1,"own",391.61500000002,953144.911125761,1.35300000000007,476062.3125,15595.737842513
"cembio","pos",13,1,"own",415.97800000002,987784.853081576,1.35300000000001,466229.0625,20225.7109804133
"cembio","pos",14,1,"own",439.66600000002,896990.309324694,0.67599999995997,432543.28125,3238.57963574218
"cembio","pos",15,1,"own",464.03200000002,632979.213139027,1.35300000000001,318157.125,12720.3368649806
"cembio","pos",16,1,"own",488.39599999998,279416.350753792,1.35300000000007,125572.4609375,4571.3958385426
"cembio","pos",17,1,"own",512.08399999998,175471.390916853,1.35299999999995,23979.775390625,224.676406040782
"cembio","pos",18,1,"own",535.09399999998,6274.17274516021,1.35400000001994,3271.18041992188,52.0848827471486
"cembio","pos",19,1,"own",556.75399999998,3291.98064901179,0.677000000039925,1559.63049316406,15.9052905150064
"cembio","pos",20,1,"own",577.734,30465.0544659572,1.35399999996002,2268.966796875,55.4131462672095
"cembio","pos",1,2,"own",26.23300000002,43933.5103561666,1.353,16381.6875,876.275275693496
"cembio","pos",2,2,"own",26.91,55353.1527107267,0.676999999979998,30894.912109375,520.915782260954
"cembio","pos",3,2,"consensus",30.294,81069.4287692637,0.676999999980001,37266.44921875,886.513000769682
"cembio","pos",4,2,"own",43.15300000002,280749.379183891,1.35400000002,126664.234375,1007.80683318907
"cembio","pos",5,2,"own",129.1069921875,373079.329918409,4.06099999998001,56092.46875,646.008003502528
"cembio","pos",6,2,"own",206.265,555499.098008583,1.35399999996,223807.875,4161.10818433176
"cembio","pos",7,2,"own",250.26,611577.301660862,1.35399999996,325472.34375,5017.60880658807
"cembio","pos",8,2,"own",284.77600000002,694155.626618815,0.676999999980012,362725.5,6608.02267024974
"cembio","pos",9,2,"own",314.55400000002,817954.707433113,0.676999999980012,411319,15240.5576176263
"cembio","pos",10,2,"own",341.625,869878.906110854,0.676999999979955,454085.09375,13209.2710826392
"cembio","pos",11,2,"own",367.34299999998,888716.399146677,1.35299999999995,428503.25,20466.6667133346
"cembio","pos",12,2,"own",391.707,937106.045561696,1.35299999999995,459374.90625,21562.9969373955
"cembio","pos",13,2,"own",416.07,991976.043902258,1.35300000000001,446630.25,14464.7589165339
"cembio","pos",14,2,"own",439.758,828667.288009275,0.676000000019997,403057.9375,8397.69998382204
"cembio","pos",15,2,"own",464.127,567329.730403321,1.35300000000001,275377.875,19528.8650201433
"cembio","pos",16,2,"own",488.49100000002,211122.082202713,1.35299999999989,99135.140625,3186.18143610935
"cembio","pos",17,2,"own",512.17796875002,69967.714569183,0.676968750000015,17546.830078125,1536.81396195255
"cembio","pos",18,2,"own",535.188,5613.89680583477,0.676999999980012,1960.82312011719,19.5940424611625
"cembio","pos",19,2,"own",557.52199999998,22864.9656379677,0.676999999980126,911.189147949219,13.4998209146271
"cembio","pos",20,2,"own",577.82500000002,22980.1613808139,0.676999999980012,2558.53442382812,59.4549708999655
"cembio","pos",1,3,"consensus",26.98600000002,43662.2656062738,0.67700000004,17073.3046875,575.758335568045
"cembio","pos",2,3,"own",27.66199999998,53722.6430192576,0.67700000004,30236.353515625,413.605543283134
"cembio","pos",3,3,"consensus",31.04599999998,80426.4834660893,0.676999999980001,36419.3359375,442.01247172314
"cembio","pos",4,3,"own",43.905,274223.889595186,0.676999999980005,108273.5234375,2367.24141341221
"cembio","pos",5,3,"own",129.18200781252,374571.673788065,3.38399999999999,60450.171875,649.819882565782
"cembio","pos",6,3,"own",206.334,484552.251960733,0.676999999979984,213545.109375,7543.79196254976
"cembio","pos",7,3,"own",250.32700000002,618722.545391364,0.676999999980012,329195.65625,9043.1728979086
"cembio","pos",8,3,"own",284.84299999998,700657.839943455,0.677000000039982,342023.1875,13240.8377674293
"cembio","pos",9,3,"own",315.29800000002,823283.621802355,1.35400000001999,393732.125,8045.9257192444
"cembio","pos",10,3,"own",341.69200000002,861003.86982653,0.676999999980012,431272.59375,18388.7559822858
"cembio","pos",11,3,"own",367.41,864896.031142836,1.35399999995997,439419.84375,21795.9822941997
"cembio","pos",12,3,"own",391.77400000002,902925.672725329,1.35300000000007,442487.15625,17520.9680297223
"cembio","pos",13,3,"own",416.13799999998,920970.188650836,1.35300000000007,440814.15625,45036.0417032381
"cembio","pos",14,3,"own",440.502,801461.33591503,1.35300000000001,373574.125,3901.98747665349
"cembio","pos",15,3,"own",464.18899999998,476018.831755675,0.677000000039982,213681.640625,5296.69687315161
"cembio","pos",16,3,"own",488.553,145538.901855815,1.35299999999995,66922.2578125,1818.85561268288
"cembio","pos",17,3,"own",512.23999999998,40694.2367885645,0.677000000040039,9588.4443359375,457.888892194209
"cembio","pos",18,3,"own",535.24999999998,20850.3036601682,NA,902.5791015625,33.2758197214743
"cembio","pos",20,3,"own",577.887,27442.2451170914,0.676999999980012,2509.44018554688,50.352076896834
"cembio","pos",1,4,"own",27.06100000002,62438.4850585704,0.67700000004,15584.7021484375,399.359802610499
"cembio","pos",2,4,"own",27.738,48186.4571970119,1.35399999996,25952.498046875,577.184849463576
"cembio","pos",3,4,"consensus",30.44500000002,83468.6228279013,0.676999999980001,38858.234375,326.233824730813
"cembio","pos",4,4,"own",43.30399999998,271324.242763045,0.677000000040003,118605.9296875,702.52497824771
"cembio","pos",5,4,"own",129.93499999998,384641.667273671,4.06099999998,57231.48828125,739.315096511231
"cembio","pos",6,4,"own",207.087,486371.739755101,1.35300000000001,220304.3125,4687.2941191916
"cembio","pos",7,4,"own",251.07799999998,622205.124356946,1.35400000001999,300436.59375,5985.50729105943
"cembio","pos",8,4,"own",285.594,684331.294570759,1.35300000000001,359561.46875,21755.3387187674
"cembio","pos",9,4,"own",315.372,803688.933946229,1.35299999999995,408668.5,12550.5595209619
"cembio","pos",10,4,"own",342.44299999998,869772.266524895,1.35400000001994,441704.8125,8598.34493124556
"cembio","pos",11,4,"own",367.48399999998,867779.934224938,0.676000000019997,417105.53125,18629.5984875898
"cembio","pos",12,4,"own",392.52400000002,834858.307632055,1.35400000002005,394153.90625,12663.611179371
"cembio","pos",13,4,"own",416.211,920109.0440826,0.676999999979955,422042.4375,20864.6641806704
"cembio","pos",14,4,"own",440.57500000002,687939.115046585,1.35299999999995,332639.9375,3377.07653660675
"cembio","pos",15,4,"own",464.93899999998,402068.064922379,1.35300000000001,198448.375,4577.47827828859
"cembio","pos",16,4,"own",489.303,99019.9991569509,1.35399999996002,43513.15625,1781.79165548908
"cembio","pos",17,4,"own",512.98999999998,37834.3228315887,1.35296875002007,4912.68798828125,586.285505238722
"cembio","pos",18,4,"consensus",536.001,24028.0342459969,NA,1040.55639648438,701.821478456499
"cembio","pos",19,4,"consensus",557.658,7080.1851347624,10.1509999999801,624.041687011719,6.98166027807882
"cembio","pos",1,5,"consensus",27.096,46161.2293395864,1.353,15600.5712890625,269.931251104743
"cembio","pos",2,5,"own",27.77299999998,50594.1011002575,0.67700000004,24929.822265625,449.597170051804
"cembio","pos",3,5,"consensus",31.15699999998,78498.9440644366,0.676999999980001,35981.94921875,984.24753464309
"cembio","pos",4,5,"own",44.016,282782.828140035,1.35399999996,122613.40625,1066.19360891968
"cembio","pos",5,5,"own",129.96699218748,373188.804475012,4.06100000004,52738.78515625,493.920011489073
"cembio","pos",6,5,"own",207.11899999998,480358.526916583,1.35400000001999,214910.515625,5666.64601261309
"cembio","pos",7,5,"own",251.109,581551.57374726,1.35300000000001,284557.5,5460.20479144986
"cembio","pos",8,5,"own",285.62500000002,761258.060891304,1.35400000002005,356604.78125,16083.001174127
"cembio","pos",9,5,"own",315.40300000002,767044.325412036,1.35400000001999,390262.875,9267.30289135782
"cembio","pos",10,5,"own",342.474,825654.24223223,1.35300000000001,417962.46875,13896.9535929483
"cembio","pos",11,5,"own",367.515,891487.59341949,0.676999999979955,411636.96875,10208.1388430482
"cembio","pos",12,5,"own",392.556,889611.212047237,1.35399999995997,419511.125,15466.0391906962
"cembio","pos",13,5,"own",416.24299999998,798472.270554741,0.677000000040039,375737.78125,19624.1521002159
"cembio","pos",14,5,"own",440.607,703940.939089389,1.35399999996002,347711.625,2778.83951932937
"cembio","pos",15,5,"own",464.97100000002,334217.304804681,1.35400000001999,158550.53125,7384.66296441377
"cembio","pos",16,5,"own",488.658,100535.495227175,0.676999999980069,33810.68359375,951.022641136762
"cembio","pos",19,5,"own",548.214,18397.8502534692,16.92,593.065124511719,28.4875098542482
"cembio","pos",20,5,"own",577.99300000002,21750.4250326557,1.35300000000007,1836.13610839844,79.633751855118
"cembio","pos",1,6,"own",27.02299999998,37992.0754376689,1.353,14414.7158203125,247.08036533185
"cembio","pos",2,6,"own",27.70000000002,157887.335843856,0.676999999979998,28399.55859375,1767.09886103581
"cembio","pos",3,6,"consensus",31.08400000002,82595.163878075,1.35400000002,38715.30078125,527.649573910358
"cembio","pos",4,6,"own",43.94299999998,271949.605515388,0.676999999979998,123146.453125,1366.48410136144
"cembio","pos",5,6,"own",130.5700078125,347325.435603575,4.06099999998001,46175.0234375,895.642622288383
"cembio","pos",6,6,"own",207.04699999998,477456.031840813,1.35400000002002,218857.359375,9091.08792031044
"cembio","pos",7,6,"own",251.037,557231.630803761,1.35300000000004,262519.9375,11382.3189236642
"cembio","pos",8,6,"own",285.55300000002,701319.658912883,1.35400000001999,367748.28125,7833.76993910145
"cembio","pos",9,6,"own",315.33100000002,803104.047168955,1.35400000001999,424720.15625,12759.354943504
"cembio","pos",10,6,"own",342.402,854360.563602929,1.35399999996002,415371.59375,11925.2174773779
"cembio","pos",11,6,"own",367.443,826566.480018219,0.676999999979955,415646.8125,23427.4617602115
"cembio","pos",12,6,"own",391.80700000002,843258.551067938,0.676999999980012,386271.78125,35278.6323260196
"cembio","pos",13,6,"own",416.172,878341.421345418,1.35300000000001,436245.90625,17103.3507380904
"cembio","pos",14,6,"own",440.53600000002,656241.352816142,1.35299999999995,303754.34375,20909.8829783558
"cembio","pos",15,6,"own",464.223,314402.940443213,1.35299999999995,131657.078125,6803.48557238539
"cembio","pos",16,6,"own",488.58700000002,62700.0923155806,0.676999999980069,25362.505859375,2480.43336536097
"cembio","pos",17,6,"own",512.27696875002,48445.8462054357,0.676999999979898,2057.662109375,178.735861629163
"cembio","pos",18,6,"consensus",536.64100000002,28646.08338353,47.37399999996,598.472900390625,12.1465298502214
"cembio","pos",19,6,"own",558.29800000002,23610.9241042553,48.0539999999999,677.875549316406,8.47245839892473
"cembio","pos",20,6,"own",578.601,31343.7822490646,1.35399999996002,1879.513671875,34.3991043323807
"hmgu","neg",1,1,"own",27.57799999998,2232.55480310322,NA,1060.42712525355,904.035950942456
"hmgu","neg",2,1,"own",28.32400000002,7115.49655196429,NA,4344.03576276054,433.611680280603
"hmgu","neg",3,1,"consensus",35.97700000002,26994.4465448067,1.39899999996,10902.8810368807,1932.22297465359
"hmgu","neg",4,1,"own",56.17099999998,84635.527097032,3.35100000000001,20627.9320267551,20624.2597899244
"hmgu","neg",5,1,"own",140.35099999998,153610.214428506,4.72699999997999,27480.0348701338,8018.48766370848
"hmgu","neg",6,1,"own",220.93900000002,254044.436813365,2.01400000001999,108354.118086966,61699.3327919829
"hmgu","neg",7,1,"own",262.71199999998,427248.046327846,1.38300000000004,190004.051366255,42710.5049656987
"hmgu","neg",8,1,"own",294.954,658398.756551791,1.45400000003997,290471.42834822,35715.1494131045
"hmgu","neg",9,1,"own",322.689,849613.826897361,1.38900000000001,391164.419513766,41319.2659542796
"hmgu","neg",10,1,"own",348.58300000002,1075383.31165696,1.37500000002001,455725.845626847,35241.8466566078
"hmgu","neg",11,1,"own",373.88599999998,1295887.46014636,1.34699999999998,543411.639090942,26881.5483540098
"hmgu","neg",12,1,"own",398.103,1473622.0503009,2.09699999999998,619420.733445919,26249.6743840551
"hmgu","neg",13,1,"own",422.898,1438139.6291404,1.40699999999998,625167.742092252,19973.6560531959
"hmgu","neg",14,1,"own",447.45700000002,1929663.74573761,1.34800000002002,889953.519421872,34436.399339288
"hmgu","neg",15,1,"own",471.948,285838.347638287,1.43800000001994,144415.137688684,120730.458251461
"hmgu","neg",16,1,"own",496.51399999998,66775.9647675099,1.49500000002001,35846.7330494744,1286.39727734121
"hmgu","neg",17,1,"own",520.47700000002,60888.6387641845,1.47000000000003,31463.626587842,27890.2746318633
"hmgu","neg",18,1,"own",543.64600000002,68241.3883812691,1.42900000001998,34969.3692719847,3448.8171353479
"hmgu","neg",19,1,"own",565.77199999998,84741.9840081248,0.702000000000112,42505.1217638254,4223.73764473097
"hmgu","neg",20,1,"own",586.73299999998,87360.1096903519,0.719000000039955,45371.038772615,6877.21633206739
"hmgu","neg",1,2,"own",26.68699999998,1238.43674652117,0.725999999999999,826.799651360336,35.9507039508741
"hmgu","neg",2,2,"own",27.41299999998,7023.36743684594,NA,4420.34522329886,551.944728751166
"hmgu","neg",3,2,"consensus",35.11600000002,26630.043727129,1.389,11841.1277514971,1731.23928985058
"hmgu","neg",4,2,"own",54.024,79169.300434457,3.41200000001999,19977.7130066506,19974.0407612759
"hmgu","neg",5,2,"own",138.426,144945.851346565,4.71899999999997,24387.4531099204,5519.3777899734
"hmgu","neg",6,2,"own",220.203,244275.823624758,1.46899999997999,107033.229848512,107029.24006758
"hmgu","neg",7,2,"own",261.51499999998,407571.244148207,1.35700000001998,186183.857646403,47977.2774648636
"hmgu","neg",8,2,"own",293.41699999998,654184.413010723,1.41400000002,309448.055312122,45496.6172726651
"hmgu","neg",9,2,"own",321.732,847014.796480931,1.37900000003998,383103.879414884,35199.0819079027
"hmgu","neg",10,2,"own",347.544,1083341.30337145,1.36600000001999,499732.676887974,35949.8676661991
"hmgu","neg",11,2,"own",372.33499999998,1287976.99657927,2.04100000001995,530609.614818265,36256.2130224002
"hmgu","neg",12,2,"own",397.35,1491764.53229867,1.40199999995997,632897.372873362,23999.7972814956
"hmgu","neg",13,2,"own",422.09299999998,1506116.6553123,1.40199999996003,618868.652681952,34259.508817698
"hmgu","neg",14,2,"own",446.50999999998,1882123.23438984,1.47600000000006,858929.64286405,31287.1018330266
"hmgu","neg",15,2,"own",471.03400000002,288687.370154313,1.41699999996001,146143.528683069,24497.1335057486
"hmgu","neg",16,2,"own",495.16900000002,58954.7122115063,0.701999999999998,31726.9944689348,969.274438091489
"hmgu","neg",17,2,"own",519.726,53498.8064229947,0.705000000000041,25352.3182364731,1607.29574472688
"hmgu","neg",18,2,"own",542.32699999998,59008.5240198995,0.668000000040024,27869.014180404,27858.5012621352
"hmgu","neg",19,2,"own",565.09900000002,73610.7405872797,0.719000000039955,33240.921279949,5404.03075278012
"hmgu","neg",20,2,"consensus",585.924,74429.7354973873,1.45999999998003,37127.578162071,10868.4905993427
"hmgu","neg",1,3,"own",26.30599999998,1357.2823750655,0.68900000004,716.604011869422,566.233248350409
"hmgu","neg",2,3,"own",26.99500000002,6483.20193119866,0.71199999996,3833.80435234907,275.710937026044
"hmgu","neg",3,3,"consensus",34.74700000002,24759.2125970318,0.722999999999999,11647.9282790883,2522.72577512003
"hmgu","neg",4,3,"own",54.33100000002,76561.6451573712,3.465,19157.9971720917,10386.2644907509
"hmgu","neg",5,3,"own",138.55999999998,141089.202188694,4.81200000000001,26951.6917519034,9914.04314975706
"hmgu","neg",6,3,"own",220.07200000002,241095.25904879,1.37499999995998,107014.518219359,107010.6531233
"hmgu","neg",7,3,"own",261.30499999998,405135.117027136,1.39000000002,193716.339692397,54427.7748406463
"hmgu","neg",8,3,"own",293.34400000002,610611.158574599,1.38499999998004,273688.332031895,23169.6859322515
"hmgu","neg",9,3,"own",321.69499999998,879737.673426872,1.38800000004005,385677.012770058,54135.9560788424
"hmgu","neg",10,3,"own",347.13700000002,1082871.59222581,2.05300000001995,462949.281828605,40552.1948756838
"hmgu","neg",11,3,"own",372.705,1365894.22590011,1.40200000002,573197.161452226,33105.9482340911
"hmgu","neg",12,3,"own",396.753,1510386.861057,2.07499999997998,625342.313516838,19830.36152166
"hmgu","neg",13,3,"own",421.77,1516980.14370883,1.36500000000001,600707.178924888,23500.903367684
"hmgu","neg",14,3,"own",446.39299999998,1924595.50603202,1.44,855774.42069203,34153.5446932719
"hmgu","neg",15,3,"own",470.907,307855.700414827,1.42500000000007,151408.948572412,15701.1267955919
"hmgu","neg",16,3,"own",494.907,94911.2116720173,0.694000000019969,43342.1604875959,2711.85087718043
"hmgu","neg",17,3,"own",519.471,96685.0483254138,1.40999999999997,44417.7051966359,17626.3291220901
"hmgu","neg",18,3,"own",542.30200000002,102923.23161623,0.703999999980056,55781.4408536995,55769.8296124782
"hmgu","neg",19,3,"own",564.495,117437.591238979,1.37599999997997,62127.4543886287,29428.185261938
"hmgu","neg",20,3,"own",585.72799999998,125827.680067905,0.72300000000007,63971.0593282511,12620.3147423731
"hmgu","neg",1,4,"own",27.477,1344.41487599821,NA,942.963567631239,79.9199447417813
"hmgu","neg",2,4,"own",28.17400000002,5863.91587969946,NA,3484.80866837622,1075.19688755753
"hmgu","neg",3,4,"consensus",35.199,23905.6542373597,0.673000000019996,9806.41799449406,1246.64473699265
"hmgu","neg",4,4,"own",55.11100000002,74734.2759853837,3.41699999999999,18259.2299547005,3647.1630139958
"hmgu","neg",5,4,"own",139.84000000002,135024.991505784,4.90099999998,23879.9074806279,6495.23427274863
"hmgu","neg",6,4,"own",220.77499999998,232876.298381614,2.02199999999999,100506.286388513,100502.29662717
"hmgu","neg",7,4,"own",262.25899999998,391917.100932488,1.35300000000001,181875.187735507,58228.5659823902
"hmgu","neg",8,4,"own",294.201,651378.324223275,2.03299999998001,281707.380745697,46283.9303991608
"hmgu","neg",9,4,"own",322.36900000002,805007.132184136,1.42600000002005,358268.917529483,40853.9984012428
"hmgu","neg",10,4,"own",348.27700000002,1047350.1127922,1.45399999998,474115.197041598,46465.322496658
"hmgu","neg",11,4,"own",373.48000000002,1287782.72692989,1.39800000000002,566694.536773889,30153.696149502
"hmgu","neg",12,4,"own",397.758,1483605.54575955,2.07000000000005,631977.064102183,21794.6695836961
"hmgu","neg",13,4,"own",422.682,1485308.77633995,1.41799999998005,657185.576905012,25586.9175240665
"hmgu","neg",14,4,"own",447.063,1867754.81296472,1.404,871409.394529657,37553.1947841806
"hmgu","neg",15,4,"own",471.57799999998,294610.368342173,1.36899999996001,155092.993676662,25299.6040747844
"hmgu","neg",16,4,"own",495.90799999998,78093.9292776545,0.796000000019887,41648.8333736249,2797.99771371856
"hmgu","neg",17,4,"consensus",520.236,81286.1487202407,1.47200000004,39122.4987325506,6830.12525250828
"hmgu","neg",18,4,"own",542.91,79573.9526322784,0.722999999999843,37240.1916859681,34891.6652102128
"hmgu","neg",19,4,"own",565.32,90828.3546171456,0.7450000000199,44710.8587521713,11691.3190027172
"hmgu","neg",20,4,"own",586.27999999998,87688.326342808,0.731000000039899,45739.7929158185,3061.49780810322
"hmgu","neg",1,5,"own",26.89300000002,1320.30281513845,0.690000000000001,812.157599770049,36.950631504933
"hmgu","neg",2,5,"own",26.89300000002,5466.41576816248,0.664999999980001,3571.97289675123,161.601337537105
"hmgu","neg",3,5,"consensus",34.68799999998,23828.7883446907,1.38999999996,10423.6788381403,1954.74001772694
"hmgu","neg",4,5,"own",54.32599999998,71324.3896947071,3.444,18552.7860811887,6200.64714912871
"hmgu","neg",5,5,"own",137.73,129260.517708703,4.08200000004001,25492.941423897,4045.87748905837
"hmgu","neg",6,5,"own",219.68299999998,227064.725660053,1.38499999998001,102368.370713679,102364.505596511
"hmgu","neg",7,5,"own",261.51799999998,386069.21787159,1.37199999995994,169951.55759715,90241.0588288114
"hmgu","neg",8,5,"own",293.32600000002,604757.641902082,1.36299999995998,285664.256755901,63625.9755684572
"hmgu","neg",9,5,"own",321.573,843395.044794992,1.33700000004006,363559.069333546,32619.6036435674
"hmgu","neg",10,5,"own",347.268,1061071.4922989,2.05700000003998,467644.785412072,45554.8482529424
"hmgu","neg",11,5,"own",372.38599999998,1265300.40828264,1.39699999998004,527378.908064103,27218.2434886346
"hmgu","neg",12,5,"own",396.94699999998,1484841.45277343,2.13200000004002,619142.412600689,19010.320017521
"hmgu","neg",13,5,"own",421.71,1498896.19188501,1.35700000001998,654035.827743866,29755.4845795304
"hmgu","neg",14,5,"own",446.421,1868925.26999002,1.44400000001997,781260.509334191,34126.3637818255
"hmgu","neg",15,5,"own",470.709,276073.841882587,1.42399999997997,140479.45693393,9528.8593757458
"hmgu","neg",16,5,"own",495.267,77000.6524890108,1.38199999998,38423.2270962557,2704.11090074894
"hmgu","neg",17,5,"own",518.82100000002,72893.869256096,0.774000000000115,33865.6172679751,10557.9282216084
"hmgu","neg",18,5,"own",542.358,83674.0559449969,1.43500000002007,43889.7138182264,43878.2594455713
"hmgu","neg",19,5,"own",564.74599999998,92589.758851586,1.48000000001991,43342.7497023867,5036.76023732647
"hmgu","neg",20,5,"own",585.255,90281.7799849227,0.729000000000042,41041.2226474563,15594.5531484742
"hmgu","neg",1,6,"own",27.411,1332.83344220756,0.706000000019998,882.656936571999,122.09908124235
"hmgu","neg",2,6,"consensus",27.411,5773.77080500655,0.685999999980002,3957.55078795642,244.888178023749
"hmgu","neg",3,6,"consensus",35.304,22294.8900429754,1.42900000002,9215.53104850749,1880.46721697305
"hmgu","neg",4,6,"own",55.61800000002,70104.5247046785,3.41899999998,17192.3634366798,4190.64503692594
"hmgu","neg",5,6,"own",138.94699999998,127936.608199954,4.67300000004002,23522.3759652607,8547.5127245888
"hmgu","neg",6,6,"own",220.69399999998,228761.518063142,1.42500000000001,98216.9121949032,98211.800295254
"hmgu","neg",7,6,"own",262.18099999998,390802.87329823,1.36500000000001,179258.545769924,69849.5738032017
"hmgu","neg",8,6,"own",294.12400000002,585889.186829666,1.38500000004001,268114.156370763,37665.5169861181
"hmgu","neg",9,6,"own",321.79900000002,847764.639402694,2.07800000003999,365684.256843961,41525.6041500187
"hmgu","neg",10,6,"own",348.25099999998,1042402.45035839,1.42199999999997,451014.49647895,43343.5797977666
"hmgu","neg",11,6,"own",373.45900000002,1277381.40462162,2.07800000003999,522679.203803231,30306.1566795527
"hmgu","neg",12,6,"own",397.41100000002,1476487.01223785,2.03899999998004,595435.859235362,18890.9733986499
"hmgu","neg",13,6,"own",422.46799999998,1515086.8291572,1.43899999998001,640940.111258605,18715.7585659319
"hmgu","neg",14,6,"own",446.79199999998,1861611.80816424,1.38600000000002,838262.902611398,31534.7633635794
"hmgu","neg",15,6,"own",471.15499999998,279425.823785451,0.734000000039998,141333.672896803,14770.034011389
"hmgu","neg",16,6,"own",495.91399999998,73254.2176390267,1.40899999997993,37310.7683577307,2162.29443850924
"hmgu","neg",17,6,"own",519.78499999998,68923.8621128813,1.40199999996003,33185.258312978,13792.8891144903
"hmgu","neg",18,6,"own",543.375,68871.8121896915,0.751999999979944,30993.4330415553,14651.1225855803
"hmgu","neg",19,6,"own",565.41400000002,72290.1422340401,1.42300000002012,34738.8104422336,3404.05282691191
"hmgu","neg",20,6,"own",586.041,58289.576300148,0.701999999999884,27273.751336435,2958.2365566725
"hmgu","pos",1,1,"own",27.31699999998,161765.839025214,0.686000000040003,40149.1233991771,16735.698547606
"hmgu","pos",2,1,"own",28.70599999998,263503.07566819,0.725000000040001,38210.868141973,38206.8382767312
"hmgu","pos",3,1,"own",36.3,270607.923019807,1.45500000000001,90105.8578181441,90102.6203469543
"hmgu","pos",4,1,"own",56.16400000002,410046.884030614,3.468,90821.8433423377,9617.13006778233
"hmgu","pos",5,1,"own",143.09200000002,582967.918711555,5.40799999997998,91639.7775460474,5252.45142942179
"hmgu","pos",6,1,"own",222.06400000002,649952.282315388,2.04400000001999,253967.928379825,25226.0220374551
"hmgu","pos",7,1,"own",262.73800000002,866987.648761947,1.45000000002,363359.155062093,22694.7382127724
"hmgu","pos",8,1,"own",295.15099999998,1152431.06851787,1.41899999999998,471454.816207293,26379.1995471631
"hmgu","pos",9,1,"own",322.14400000002,1289751.32906642,2.07900000000001,523906.66763885,20786.2003251555
"hmgu","pos",10,1,"own",348.43399999998,1438183.68113071,1.38499999998004,556801.909745489,33386.1998197289
"hmgu","pos",11,1,"own",372.58699999998,1564973.95667461,2.08599999995999,576249.651414769,17545.9928605622
"hmgu","pos",12,1,"own",397.68,1715189.07952543,1.35799999997994,658820.312577581,11130.5486436749
"hmgu","pos",13,1,"own",421.39099999998,1736297.03415507,2.02700000004,611366.950624041,15622.0062499813
"hmgu","pos",14,1,"own",445.87999999998,1798170.26221413,1.98999999995993,642482.361414889,10278.3176285756
"hmgu","pos",15,1,"own",470.88400000002,2100868.43250529,2.05099999997998,661992.194258202,15865.1892525896
"hmgu","pos",16,1,"own",495.12499999998,2440567.60244166,2.64300000000003,779517.272293266,23574.0079991465
"hmgu","pos",17,1,"own",519.612,5033398.41759161,2.02800000000002,1539958.1785771,9448.20492275598
"hmgu","pos",18,1,"own",543.18400000002,5494201.27072863,1.97600000004002,1711538.01204201,5789.05859774532
"hmgu","pos",19,1,"own",565.83100000002,6301836.60977614,2.63600000003999,1823599.26800596,6236.70720517309
"hmgu","pos",20,1,"own",586.28899999998,6345792.75803763,2.67300000000012,1650343.03078773,14184.2951558377
"hmgu","pos",1,2,"consensus",27.072,47462.4102859735,0.68500000002,30851.8054315075,30848.3163293253
"hmgu","pos",2,2,"own",28.419,56093.5191992405,0.661999999980001,33162.6579171991,33158.8799085108
"hmgu","pos",3,2,"own",36.10000000002,199806.114124049,1.43000000004,79128.5047002915,26491.1537179108
"hmgu","pos",4,2,"own",54.19900000002,400182.955127015,3.60400000002,92854.8214328601,7628.92454935604
"hmgu","pos",5,2,"own",139.917,595081.783117498,4.90099999998,95129.6388306639,3969.39855981677
"hmgu","pos",6,2,"own",221.211,679192.481559103,2.09200000002002,285686.676878111,39113.0471642539
"hmgu","pos",7,2,"own",262.29499999998,922524.072634893,2.04199999998002,364560.158146495,22640.4875539937
"hmgu","pos",8,2,"own",294.74200000002,1165392.0160505,1.42199999999997,494094.502637302,20984.8506274453
"hmgu","pos",9,2,"own",322.28299999998,1338062.05694139,1.36300000002001,588444.072353611,19432.1872470071
"hmgu","pos",10,2,"own",347.73100000002,1490116.00370289,2.04500000004003,585220.852395597,17538.5320367646
"hmgu","pos",11,2,"own",372.71200000002,1533540.51292511,2.04599999999999,603573.52160977,11478.9492681421
"hmgu","pos",12,2,"own",397.65400000002,1664587.06434499,1.33999999998002,616861.560983783,9181.08411114926
"hmgu","pos",13,2,"own",421.52299999998,1677928.22088947,2.05300000002006,614868.483045456,13685.369637722
"hmgu","pos",14,2,"own",446.64199999998,1457406.740566,1.41300000000001,540888.893230201,13973.1700208004
"hmgu","pos",15,2,"own",471.09400000002,1444154.1882371,2.04600000000005,566434.851686932,17777.5780693885
"hmgu","pos",16,2,"own",495.65800000002,1633394.96757638,2.05500000000001,610545.382489142,23925.8898157383
"hmgu","pos",17,2,"own",520.19299999998,3434633.70194193,2.00899999998012,1187960.70965299,14393.9910131142
"hmgu","pos",18,2,"own",543.021,3836618.69520929,2.11199999999997,1322540.91785527,8140.42507676135
"hmgu","pos",19,2,"own",565.69300000002,4143553.00702071,2.76100000002009,1363649.73082742,6513.83918333054
"hmgu","pos",20,2,"own",586.8,4645959.5804994,2.81099999999992,1446302.79862816,22776.5682058544
"hmgu","pos",1,3,"consensus",27.77800000002,45849.6316919185,0.752000000039999,27717.1364678384,27714.1804167681
"hmgu","pos",2,3,"own",28.44400000002,58250.4363487685,NA,33889.6278495262,33886.5047022524
"hmgu","pos",3,3,"own",36.08899999998,202932.420260375,1.40800000002,86431.1754150243,52543.5703185258
"hmgu","pos",4,3,"own",54.60100000002,398702.730188269,2.86599999996,95687.1054080885,6565.46256317505
"hmgu","pos",5,3,"own",139.707,601266.856083431,4.80399999996001,102679.991651608,5220.40563358655
"hmgu","pos",6,3,"own",221.70400000002,682652.396822714,1.36800000000002,287782.781476858,24155.0308844041
"hmgu","pos",7,3,"own",262.79599999998,884942.358601081,1.39799999999997,397312.224601497,16987.3703411074
"hmgu","pos",8,3,"own",294.41200000002,1100666.66963361,1.36600000001999,470952.578961376,22426.5709975698
"hmgu","pos",9,3,"own",322.35,1396918.14098331,1.37399999999997,586186.828355538,21238.6933218275
"hmgu","pos",10,3,"own",348.201,1462523.61029384,1.37399999999997,629449.138874902,26012.2710056082
"hmgu","pos",11,3,"own",372.699,1599651.86610309,2.03700000000003,609668.667068855,16287.1322397935
"hmgu","pos",12,3,"own",397.32,1659695.47524672,2.03100000000001,653617.056738287,9660.29656614202
"hmgu","pos",13,3,"own",421.82599999998,1678931.20700502,2.08199999999999,661687.37294432,21741.9063692437
"hmgu","pos",14,3,"own",446.52799999998,1315857.68429913,1.40700000000004,545767.37332642,11926.3911352934
"hmgu","pos",15,3,"own",471.40000000002,932831.083765672,1.39099999998001,388394.397838467,17481.1939141225
"hmgu","pos",16,3,"own",496.002,1024065.10685662,1.43599999997997,411285.396487529,25679.0263717945
"hmgu","pos",17,3,"own",519.65200000002,2127626.30650855,1.30500000000006,831753.424943916,17510.4784647061
"hmgu","pos",18,3,"own",542.98399999998,2461205.8722287,1.38500000004001,922423.068188557,9627.35102408067
"hmgu","pos",19,3,"own",565.584,2775605.43972782,1.97699999999998,995832.836582961,8301.64293008791
"hmgu","pos",20,3,"own",586.58800000002,3177159.74876352,2.03199999996002,1125250.56491342,37276.0318747077
"hmgu","pos",1,4,"consensus",27.50299999998,48920.7656621778,NA,35877.5488737206,14687.6174897101
"hmgu","pos",2,4,"own",28.26100000002,50497.0071710925,0.708999999960003,30780.2928233611,30777.2200184256
"hmgu","pos",3,4,"own",35.886,198209.256007745,0.667999999980005,86070.1148701206,52938.1686074062
"hmgu","pos",4,4,"own",53.87800000002,392893.766475804,2.808,98198.7527277718,8560.00295510587
"hmgu","pos",5,4,"own",138.15700000002,603436.937912797,4.92800000004002,99021.2831589378,4341.18057911886
"hmgu","pos",6,4,"own",221.99200000002,700137.047658307,1.31199999995999,274521.26036671,22359.3208434791
"hmgu","pos",7,4,"own",262.96399999998,917922.760577262,1.35599999999999,395813.134906372,23345.2097136134
"hmgu","pos",8,4,"own",295.24999999998,1177128.85816214,1.35600000000005,492465.879000302,20352.3274283062
"hmgu","pos",9,4,"own",322.96099999998,1342975.60557087,1.38799999997997,577493.982671943,23347.0526846307
"hmgu","pos",10,4,"own",348.558,1493418.98578134,2.00600000003999,618724.413258587,22081.3373126307
"hmgu","pos",11,4,"own",373.527,1626742.28504771,2.02000000001999,643573.809175331,15804.3203382656
"hmgu","pos",12,4,"own",398.57299999998,1704077.16763708,2.03899999998004,642508.920747328,10694.3524530096
"hmgu","pos",13,4,"own",422.427,1646787.34167254,2.13099999995995,636689.935862046,28714.9814733666
"hmgu","pos",14,4,"own",446.979,1287384.22185276,2.07100000001998,522347.72801212,11249.1154125449
"hmgu","pos",15,4,"own",471.64300000002,772476.862619399,2.09299999998001,320847.53117725,14717.9639025917
"hmgu","pos",16,4,"own",496.143,798317.178681928,2.10400000001999,323234.298507871,21787.5618960578
"hmgu","pos",17,4,"own",520.5,1729380.65953286,1.40800000001991,708045.311350621,16831.747618894
"hmgu","pos",18,4,"own",543.49600000002,2001672.01785,2.04500000003998,770457.494224071,10183.2500754978
"hmgu","pos",19,4,"own",566.139,2320812.55440609,1.30000000001996,870510.485992495,9340.94753888339
"hmgu","pos",20,4,"own",587.04199999998,2643439.7034862,2.01499999997998,959919.958106601,22485.1702087799
"hmgu","pos",1,5,"own",27.00199999998,48721.8756180337,0.694000000020001,35051.8921273741,19512.5125558896
"hmgu","pos",2,5,"own",28.41100000002,61079.8687273201,NA,38659.2716741901,38656.1485125643
"hmgu","pos",3,5,"own",36.03499999998,210418.895881758,1.422,80074.5358123041,65531.2388815929
"hmgu","pos",4,5,"own",55.09999999998,406858.77710237,3.61000000002,93510.6315228107,7485.03566279928
"hmgu","pos",5,5,"own",140.526,604469.068779161,4.98400000001999,103458.129150549,4145.61142393982
"hmgu","pos",6,5,"own",221.664,669720.31070331,1.48899999996001,281486.466321626,22599.3067204019
"hmgu","pos",7,5,"own",262.869,896933.907314909,1.36599999995997,398604.416041206,17884.7166289876
"hmgu","pos",8,5,"own",294.94999999998,1178487.90659987,1.36399999997997,494354.713723309,17872.3253628046
"hmgu","pos",9,5,"own",322.24099999998,1393019.36790472,2.03200000001999,553719.632250521,25790.8529265757
"hmgu","pos",10,5,"own",348.54499999998,1511525.14966661,2.03999999999996,603841.28572516,24314.2901243178
"hmgu","pos",11,5,"own",373.662,1602560.87085561,2.11500000000001,624470.30376078,18015.8192116218
"hmgu","pos",12,5,"own",397.716,1730499.0745611,1.97999999999996,678366.489516337,11863.1135415072
"hmgu","pos",13,5,"own",422.18599999998,1719965.46620989,2.09299999998001,640906.533774692,23109.9951535711
"hmgu","pos",14,5,"own",446.71300000002,1271213.55675014,1.34100000000007,505380.209271191,9945.3109062462
"hmgu","pos",15,5,"own",471.31699999998,694379.023355673,1.44,296163.228714136,17551.0120819196
"hmgu","pos",16,5,"own",495.819,729864.755570474,2.09699999999992,303690.522359694,19918.7009236496
"hmgu","pos",17,5,"own",520.08799999998,1547679.61535205,1.92899999999997,616888.307175311,14404.3833313826
"hmgu","pos",18,5,"own",542.98399999998,1799460.24422759,1.41300000000001,686001.953012531,8338.84169735885
"hmgu","pos",19,5,"own",565.743,2118756.66125349,1.98100000002,811337.714037091,6011.70404983665
"hmgu","pos",20,5,"own",586.73200000002,2470664.16323656,2.13100000001998,931450.474272259,44488.5156487566
"hmgu","pos",1,6,"consensus",27.07099999998,51575.6975099138,0.722999999999999,35376.2308997255,7814.30508878852
"hmgu","pos",2,6,"own",28.45699999998,54773.2890306571,0.663,27681.4117173885,27678.2885515856
"hmgu","pos",3,6,"own",35.47000000002,209489.654477325,1.32799999997999,84078.9610858533,60334.6952811842
"hmgu","pos",4,6,"own",55.32100000002,431468.366018584,3.44500000001999,95579.3961658064,7277.64465712891
"hmgu","pos",5,6,"own",141.19999999998,615502.136378497,4.18799999999999,108178.486605105,4928.61285422803
"hmgu","pos",6,6,"own",220.99099999998,708332.961575908,2.17000000002,280069.970303518,31343.2506430892
"hmgu","pos",7,6,"own",262.25599999998,937329.228087509,1.34699999999998,374587.478892527,22568.6145272719
"hmgu","pos",8,6,"own",293.81599999998,1181685.02954754,1.37799999996002,495925.397520491,19853.2082387388
"hmgu","pos",9,6,"own",321.615,1464144.91526809,2.05799999999999,561104.481434422,48318.5925857194
"hmgu","pos",10,6,"own",347.739,1577559.84845663,1.32200000003996,656189.908599496,21886.8841937316
"hmgu","pos",11,6,"own",372.79600000002,1654790.65168008,1.99599999996002,621998.43196145,15145.9853843941
"hmgu","pos",12,6,"own",396.89599999998,1752301.44034632,2.05600000002005,646890.61552814,9838.8253357402
"hmgu","pos",13,6,"own",421.54000000002,1804695.59464878,2.02800000000002,661532.440977773,12914.8280975001
"hmgu","pos",14,6,"own",446.39800000002,1247879.36387462,1.40800000002002,491795.261736053,15486.5986848356
"hmgu","pos",15,6,"own",470.92900000002,559537.40709071,1.38400000001997,241551.397645991,23760.9035210213
"hmgu","pos",16,6,"own",495.40099999998,539870.609381571,2.04700000001998,224118.662138045,16408.1622347525
"hmgu","pos",17,6,"own",519.552,1153805.2594492,1.38699999996004,503575.425921982,23555.0498852735
"hmgu","pos",18,6,"own",542.89000000002,1323802.9489242,2.00700000000006,549795.929687018,30687.883522352
"hmgu","pos",19,6,"own",565.464,1657639.4656527,1.42600000001994,668057.857189864,12967.0277502988
"hmgu","pos",20,6,"own",586.50700000002,1716038.26220526,1.39999999997997,638198.695385845,24490.6240881805
"icl","neg",1,1,"consensus",7.81300038102,685.584414128873,18.50800037388,52,13.5086004087051
"icl","neg",2,1,"consensus",25.40699958804,1063.0837075189,1.83600068088,170.416625976562,31.790771484375
"icl","neg",3,1,"consensus",27.24300026892,888.014876246069,0.685000419600001,455.90673828125,148.693760380834
"icl","neg",4,1,"own",27.24300026892,1059.27006999151,0.457000136400001,782.248046875,172.275742361392
"icl","neg",5,1,"own",108.02599668504,5668.87967772926,13.944003582,399.66748046875,385.66748046875
"icl","neg",6,1,"own",188.40399742128,11002.1882596203,1.82700634002001,4534.48046875,1015.21661692297
"icl","neg",7,1,"own",231.37500286104,21336.3753816262,0.913009643580011,14024.2109375,6299.61371352129
"icl","neg",8,1,"own",265.69499015808,39449.3613782388,0.914011001579979,33961.4375,9299.84589041096
"icl","neg",9,1,"own",295.17600059508,63512.231981786,0.685987472519969,54193.9375,18271.2591056253
"icl","neg",10,1,"own",321.98698997496,96882.048724967,0.685014724680002,80338.875,21580.5883260767
"icl","neg",11,1,"own",347.35198974612,114309.831835225,0.685014724740029,93146.1875,22571.6995049353
"icl","neg",12,1,"own",371.87799453738,144363.626484797,0.914011001580036,114052.9375,38276.8030127614
"icl","neg",13,1,"own",396.34400367738,164229.628060788,0.91298103336004,121244.5,54511.8935203921
"icl","neg",14,1,"own",420.33199310304,147779.008575749,0.971002578720004,112789,38032.5104546068
"icl","neg",15,1,"own",444.3889904022,107258.23417225,0.913009643579983,77058.8125,25982.6698030487
"icl","neg",16,1,"own",468.17699432376,49416.6306576943,0.914011001579979,39410.375,13285.9082018076
"icl","neg",17,1,"own",491.53301239014,21753.0219773054,0.913982391360037,16384.734375,10913.8229166667
"icl","neg",18,1,"own",514.17200088498,8811.26713381833,0.914039611859948,7152.0078125,4198.23988970588
"icl","neg",19,1,"own",535.89099884034,6007.00316349931,0.928001403779831,4290.51953125,1441.89920789491
"icl","neg",20,1,"own",556.76502227784,8039.02892468266,1.14200592042005,5437.078125,3614.71875
"icl","neg",1,2,"consensus",33.64899873732,740.757705195557,NA,73,30.2857142857143
"icl","neg",2,2,"consensus",25.41300058362,1874.9145118311,21.26399874684,128.056396484375,37.9591246743474
"icl","neg",3,2,"consensus",27.25199997426,696.906184651358,NA,493.60107421875,172.984611337376
"icl","neg",4,2,"own",27.25199997426,2773.61697596416,0.228999853139999,678.712890625,266.28515625
"icl","neg",5,2,"own",106.40800237656,4315.12320157947,10.28800249098,517.94482421875,168.26683671211
"icl","neg",6,2,"own",188.42399597166,10878.4213089907,1.82699203494002,4531.10546875,2276.76449303443
"icl","neg",7,2,"own",231.38099670408,20772.4954198324,0.913996696500021,15472.6875,8038.07689386365
"icl","neg",8,2,"own",265.73201179506,38946.3838849354,0.685014724739972,33096.34375,11156.1930898422
"icl","neg",9,2,"own",295.20898818972,66934.80770181,0.914011001579979,51446.5,8745.57459744002
"icl","neg",10,2,"own",322.24499702454,93005.5225974853,0.913982391360037,74243.8125,28549.5432692308
"icl","neg",11,2,"own",347.38400459292,116787.500279208,0.913982391359923,85451.6875,28478.2291666667
"icl","neg",12,2,"own",372.1119976044,146451.82737995,0.91398239130001,113318.375,75535.5833333333
"icl","neg",13,2,"own",396.56398773192,160970.75144458,0.913009643519956,118488.3125,31963.5269121813
"icl","neg",14,2,"own",420.57801246642,141977.775993158,0.97200393677997,109547.6875,36510.8958333333
"icl","neg",15,2,"own",444.40200805662,101170.003455493,0.913982391360037,77259.5,26050.0134898152
"icl","neg",16,2,"own",468.17098617552,51257.1179062847,0.914011001579979,41375.90625,13948.7745346014
"icl","neg",17,2,"own",491.2989807129,21759.9848662943,0.914039611799979,16502.78125,5006.49756643542
"icl","neg",18,2,"own",514.38102722166,9757.79965107137,1.14200592041993,7117.8125,2395.05345339269
"icl","neg",19,2,"own",536.32301330568,7713.72874774496,0.913982391359923,4976.51171875,1653.50390625
"icl","neg",20,2,"own",556.74499511718,12639.7478580431,0.686016082740025,9374.546875,3119.84895833333
"icl","neg",1,3,"consensus",27.25799918172,643.322893165963,18.07999938726,81,66.5
"icl","neg",2,3,"consensus",41.89600110054,748.773181129046,18.74100208278,66,12.7283954863938
"icl","neg",3,3,"consensus",27.03000068664,725.294478538846,0.684998631480003,372.56103515625,132.800383391204
"icl","neg",4,3,"consensus",27.48700082304,2958.32641320412,12.35199987888,692.626953125,124.078523128405
"icl","neg",5,3,"own",109.41400051116,4965.33881140385,12.35500574112,412.021728515625,264.014485677083
"icl","neg",6,3,"own",188.6449956894,10003.5394977911,1.82800769802,4953.94921875,1332.37534567651
"icl","neg",7,3,"own",231.6149997711,20492.2603886238,0.914011001579979,15599.5625,4105.97385976628
"icl","neg",8,3,"own",265.71498870852,41893.1775086928,0.914011001579979,34438.3125,11608.7658505328
"icl","neg",9,3,"own",295.43601036072,70756.5283386421,0.914011001579979,57190.3125,22870.0098495483
"icl","neg",10,3,"own",322.23000526428,105605.311561602,0.91398239135998,88957.75,29995.5314987185
"icl","neg",11,3,"own",347.36600875854,132416.099364613,0.91398239135998,105071.6875,23345.7083333333
"icl","neg",12,3,"own",372.11500167846,167944.376598668,0.912981033300014,132816.75,31320.1841706021
"icl","neg",13,3,"own",396.35101318362,184758.74541304,0.914011001640006,138503.625,41650.1127819549
"icl","neg",14,3,"own",420.58899879456,170918.809306614,1.19999885561998,125809.625,56565.042047429
"icl","neg",15,3,"own",444.41599845888,116593.885253052,1.14200592041999,87369.375,42771.6925725185
"icl","neg",16,3,"own",468.42301368714,56121.7552100465,0.914011001579979,42391.90625,13215.3448182639
"icl","neg",17,3,"own",491.35099411008,28198.8194939063,1.14200592041999,19913.046875,13266.03125
"icl","neg",18,3,"own",514.20301437378,12017.4394208181,0.928001403779945,8233.734375,2739.578125
"icl","neg",19,3,"own",535.92802047732,8910.41161751462,1.14297866820004,5619.56640625,1350.25696536145
"icl","neg",20,3,"own",556.79100036624,16977.9600228453,0.913009643579926,11961.8671875,4109.82890065166
"icl","neg",1,4,"consensus",25.41499972344,712.899667829909,17.37799912692,34.153076171875,7.59493729118626
"icl","neg",2,4,"consensus",32.2699999809,673.263706463366,6.6269999742,80,21.583704303251
"icl","neg",3,4,"consensus",27.47100055218,1386.39614540111,0.914000272800003,298.454345703125,75.9353421565156
"icl","neg",4,4,"own",41.18500113486,2574.11150402356,0.456998348279996,751.76904296875,299.407117280157
"icl","neg",5,4,"own",109.65700149534,3187.60934895855,11.20099782948,359.00732421875,115.055026241685
"icl","neg",6,4,"own",189.10999774932,8979.48166095505,1.37098789211998,4948.90234375,1663.93576950965
"icl","neg",7,4,"own",231.6300058365,19773.4746616761,0.930004119839992,16184.890625,5137.2550167403
"icl","neg",8,4,"own",266.00100517272,41617.6788298703,0.912981033359983,34635.53125,10023.3903701477
"icl","neg",9,4,"own",295.48001289366,71433.0106675124,0.914011001580036,55517.5625,21485.373710114
"icl","neg",10,4,"own",322.26299285886,99390.6592108598,0.914011001640063,84068,18897.4324385089
"icl","neg",11,4,"own",347.4030017853,125032.805068453,0.913982391360037,99077.1875,17877.813159705
"icl","neg",12,4,"own",372.1440124512,158210.934548227,0.914011001640006,120776.1875,42218.964146253
"icl","neg",13,4,"own",396.15900993348,180463.43484665,1.14200592042005,134585.5,53828.6
"icl","neg",14,4,"own",420.38600921628,158241.094293364,0.799999237079987,119269.4375,41531.8001124074
"icl","neg",15,4,"own",444.21998977662,100743.772487949,0.914011001580036,74621.0625,14846.7605864112
"icl","neg",16,4,"own",467.98999786374,49470.4213214099,1.14200592035996,35813.40625,14441.6091701437
"icl","neg",17,4,"own",491.35202407836,26130.2169825744,1.14297866819999,17942.28125,5975.42708333333
"icl","neg",18,4,"own",513.97401809694,11564.1143706596,0.913982391359923,7934.7421875,2514.27525838216
"icl","neg",19,4,"own",535.92298507692,8458.75488697522,1.14200592042005,6773.0390625,1519.18680302622
"icl","neg",20,4,"own",556.7670249939,16388.0705589942,0.686016082740025,11828.7109375,5547.28121026245
"icl","neg",1,5,"consensus",23.12099933622,1438.46756978178,37.25100159648,119.089965820312,51.6933492580107
"icl","neg",2,5,"consensus",30.4309988022,301.247980615992,NA,109.325378417969,44.422104895609
"icl","neg",3,5,"consensus",30.20199894906,381.402981752207,0.68600177766,47,10.3333333333333
"icl","neg",4,5,"consensus",40.94200015068,634.088394890867,0.456998348219997,213.9736328125,44.5104619840146
"icl","neg",5,5,"consensus",113.89800310134,2369.89072117994,16.21900320054,178.83203125,46.8091517857143
"icl","neg",6,5,"own",187.82399654388,2788.96570185858,1.82799339293999,1079.15234375,221.516433110347
"icl","neg",7,5,"own",231.70400619504,5955.14050904396,1.14199161528003,3585.453125,1189.81770833333
"icl","neg",8,5,"own",265.59099197388,13612.3332655784,0.914011001579979,11246.3828125,2675.83423569063
"icl","neg",9,5,"own",386.8460083008,18824.7942796536,0.685987472579995,11517.828125,1107.40091008075
"icl","neg",10,5,"own",371.768989563,218.148988389349,NA,180.507080078125,11.4999893123333
"icl","neg",11,5,"consensus",347.46600151062,42612.9107372429,0.91398239135998,36558.25,2760.29155136517
"icl","neg",12,5,"own",373.3689880371,50348.524851518,2.51297950745999,2665.9765625,182.101868164762
"icl","neg",13,5,"own",396.22899055482,45779.991284147,0.913009643520013,37510.28125,4090.51942506881
"icl","neg",14,5,"own",420.45899391174,31320.5072759662,0.972003936780084,23175.71875,2529.5953834597
"icl","neg",15,5,"consensus",444.28399086,35961.0568938926,0.927000045780005,26358.5,1281.43562322461
"icl","neg",16,5,"own",468.05500030518,31508.0888258257,0.91398239135998,23509.140625,4505.42288337676
"icl","neg",17,5,"consensus",491.42898559572,13507.2660277671,0.91398239135998,9751.03125,1297.50434875488
"icl","neg",18,5,"consensus",514.05000686646,5119.33717603358,0.686016082740025,4083.197265625,837.856983050743
"icl","neg",19,5,"consensus",536.22001647948,5175.71006195971,1.14200592042005,2086.568359375,499.471836257486
"icl","neg",20,5,"consensus",556.84101104736,4214.95919771351,0.913982391360037,2753.767578125,683.006864897097
"icl","neg",2,6,"consensus",29.50400054454,2086.73893848771,56.95100158452,89,29.1381620288584
"icl","neg",3,6,"consensus",20.13899981976,3045.54785727048,63.80399644374,107.329833984375,62.275619846469
"icl","neg",4,6,"consensus",41.38200044634,1228.70078216886,0.22899985314001,336.203857421875,112.189605013934
"icl","neg",5,6,"own",106.5999984741,828.069635466636,0.228002071380004,193.117553710938,118.078928629557
"icl","neg",6,6,"consensus",188.04399490356,2260.31168286421,1.14200592042002,1008.09326171875,198.21865234375
"icl","neg",7,6,"consensus",231.46900177002,5522.65299516425,0.913996696439995,3421.36328125,799.738864743211
"icl","neg",8,6,"consensus",265.80800056458,9875.31955641413,0.91398239135998,7220.04296875,1012.48393047531
"icl","neg",9,6,"consensus",295.06899833682,18773.1195295267,0.914011001580036,14316.234375,3214.67565425604
"icl","neg",10,6,"own",322.09399223328,25387.339582872,0.91300964358004,20726.34375,2067.85910520535
"icl","neg",11,6,"own",347.45401382448,33422.2348158217,0.686016082799938,28530.953125,2395.20113446137
"icl","neg",12,6,"own",371.96700096132,39746.9414148084,0.91398239135998,31028.140625,2188.79447890268
"icl","neg",13,6,"consensus",396.41000747682,35405.0822442924,0.914011001579979,27560.21875,3585.63598798083
"icl","neg",14,6,"own",420.40901184084,24276.2848612274,0.74300765988005,19168.5625,2119.15370333471
"icl","neg",15,6,"own",444.45899963376,20973.4493476177,0.913982391300067,16679.875,1110.93838108973
"icl","neg",16,6,"consensus",468.22600364688,13677.2848007998,0.684986114520029,10986.0078125,1461.270650951
"icl","neg",17,6,"consensus",491.61197662356,5988.19165741342,0.913982391359923,4951.42578125,602.966977750526
"icl","neg",18,6,"consensus",514.4740104675,2521.0107883875,1.14194869991991,1693.0078125,338.328353254674
"icl","neg",19,6,"consensus",536.17401123048,4380.92590647204,0.914039611799922,1243.5068359375,336.722578140411
"icl","neg",20,6,"own",556.81102752684,2709.67109477986,0.913982391360037,1643.8388671875,465.382533482143
"icl","pos",1,1,"consensus",24.2599993944,20245.2257985912,0.914000272739997,9983.46875,1343.58229431951
"icl","pos",2,1,"own",25.4019999504,28282.3820317536,0.685000419660003,25676.109375,5471.90036635388
"icl","pos",3,1,"consensus",27.45800077914,29695.6115275045,0.45599877834,32588.15625,2163.0258283357
"icl","pos",4,1,"consensus",37.52599954608,115682.953478109,0.456998348220004,104491.25,16948.9722763181
"icl","pos",5,1,"own",113.4610033035,136441.731177428,31.99299573894,7275.89453125,278.686101360987
"icl","pos",6,1,"own",189.703001976,249973.181790054,2.74100303645997,85488.3125,5044.90121950219
"icl","pos",7,1,"own",232.20900535584,382281.806520697,1.14200592041999,257287.5,14012.2507010216
"icl","pos",8,1,"own",266.10400199892,500288.068997657,0.913982391360037,397049.25,18626.6012714051
"icl","pos",9,1,"own",295.58401107786,597222.725077333,0.914011001579979,471356.5,52984.6778182472
"icl","pos",10,1,"consensus",322.3820114136,640009.883220601,0.914011001640006,502273.25,34035.7937597023
"icl","pos",11,1,"own",347.52900123594,659499.932322104,0.91398239135998,474393.5,29086.7088529978
"icl","pos",12,1,"own",372.03300476076,681466.06772636,0.912981033299957,513509.5,31000.2459847326
"icl","pos",13,1,"own",396.27499580382,645495.746992243,1.14200592042005,467153,48473.1085722587
"icl","pos",14,1,"own",420.519990921,480366.963344874,0.971002578779974,390428,20980.7495263562
"icl","pos",15,1,"own",444.5819950104,437768.130648182,0.91398239135998,316538.25,19573.181870326
"icl","pos",16,1,"own",468.3580112457,371633.774049423,0.914011001579979,270677.25,14309.0554890063
"icl","pos",17,1,"own",491.71600341798,283112.76770727,1.14303588870001,195403.25,8545.76057619147
"icl","pos",18,1,"own",514.36100006106,190175.71622816,1.14303588869996,136764.375,6668.43970181181
"icl","pos",19,1,"own",536.30498886108,198398.592292812,0.928001403780058,137143.25,3656.05465050238
"icl","pos",20,1,"own",556.93702697754,267866.897647957,0.91300964358004,199040.875,6845.1562095846
"icl","pos",1,2,"consensus",24.2599993944,20245.2257985912,0.914000272739997,9983.46875,1343.58229431951
"icl","pos",2,2,"own",25.4019999504,28282.3820317536,0.685000419660003,25676.109375,5471.90036635388
"icl","pos",3,2,"consensus",27.45800077914,29695.6115275045,0.45599877834,32588.15625,2163.0258283357
"icl","pos",4,2,"consensus",37.52599954608,115682.953478109,0.456998348220004,104491.25,16948.9722763181
"icl","pos",5,2,"own",113.4610033035,136441.731177428,31.99299573894,7275.89453125,278.686101360987
"icl","pos",6,2,"own",189.703001976,249973.181790054,2.74100303645997,85488.3125,5044.90121950219
"icl","pos",7,2,"own",232.20900535584,382281.806520697,1.14200592041999,257287.5,14012.2507010216
"icl","pos",8,2,"own",266.10400199892,500288.068997657,0.913982391360037,397049.25,18626.6012714051
"icl","pos",9,2,"own",295.58401107786,597222.725077333,0.914011001579979,471356.5,52984.6778182472
"icl","pos",10,2,"consensus",322.3820114136,640009.883220601,0.914011001640006,502273.25,34035.7937597023
"icl","pos",11,2,"own",347.52900123594,659499.932322104,0.91398239135998,474393.5,29086.7088529978
"icl","pos",12,2,"own",372.03300476076,681466.06772636,0.912981033299957,513509.5,31000.2459847326
"icl","pos",13,2,"own",396.27499580382,645495.746992243,1.14200592042005,467153,48473.1085722587
"icl","pos",14,2,"own",420.519990921,480366.963344874,0.971002578779974,390428,20980.7495263562
"icl","pos",15,2,"own",444.5819950104,437768.130648182,0.91398239135998,316538.25,19573.181870326
"icl","pos",16,2,"own",468.3580112457,371633.774049423,0.914011001579979,270677.25,14309.0554890063
"icl","pos",17,2,"own",491.71600341798,283112.76770727,1.14303588870001,195403.25,8545.76057619147
"icl","pos",18,2,"own",514.36100006106,190175.71622816,1.14303588869996,136764.375,6668.43970181181
"icl","pos",19,2,"own",536.30498886108,198398.592292812,0.928001403780058,137143.25,3656.05465050238
"icl","pos",20,2,"own",556.93702697754,267866.897647957,0.91300964358004,199040.875,6845.1562095846
"icl","pos",1,3,"consensus",24.05099987982,13743.9588814997,0.685000419600001,11599.0390625,1104.25028124607
"icl","pos",2,3,"own",25.65000057222,26706.3289191802,0.685999989540001,21209.734375,1587.60882603947
"icl","pos",3,3,"consensus",27.24899947644,31456.3609021881,0.457000136399998,34055.96875,6525.63877613396
"icl","pos",4,3,"consensus",40.03999829292,107384.13416696,13.47600102426,27951.46875,3780.3787585395
"icl","pos",5,3,"own",111.2060022354,140405.868424462,17.15000152584,10607.1015625,1325.94930432506
"icl","pos",6,3,"own",189.2710018158,255149.052391482,2.05600261691998,111243.4375,8153.39227803217
"icl","pos",7,3,"own",232.01399803164,387223.777212773,0.912995338440027,277539.25,11397.4863133301
"icl","pos",8,3,"own",266.11301422122,501076.279228933,0.91300964358004,383440.25,15617.3532358466
"icl","pos",9,3,"own",295.3730106354,585669.363325496,0.685014724740029,482395.75,49717.8513815517
"icl","pos",10,3,"own",322.17398643492,659338.848015771,0.685014724680002,512437.75,48745.3973357905
"icl","pos",11,3,"own",347.531003952,658571.264541014,0.912981033299957,494109,42795.2528392771
"icl","pos",12,3,"own",372.04399108884,691469.184245569,0.914011001640006,534133.5,41442.0454089853
"icl","pos",13,3,"own",396.27399444582,640041.632170728,0.927000045780005,467675,37736.4712051809
"icl","pos",14,3,"own",420.48800468442,466058.1956932,0.971975326559971,371680.5,35811.0751382706
"icl","pos",15,3,"own",444.31400299074,389522.907408327,0.912981033300014,272200.75,26225.4292651905
"icl","pos",16,3,"own",468.31300735476,330855.325257414,1.14300727847996,243415.625,17620.5656256392
"icl","pos",17,3,"own",491.47298812866,286416.360306061,1.15596771240001,196506.5,19586.0544728379
"icl","pos",18,3,"consensus",514.3279838562,198062.305743949,0.913009643520127,140731.625,6689.23969442765
"icl","pos",19,3,"consensus",536.28398895264,203854.612046863,1.14200592042005,143917,4733.2826930998
"icl","pos",20,3,"consensus",556.68199539186,325107.008801203,1.14200592036002,226365.375,17364.7680326322
"icl","pos",1,4,"consensus",24.0330004692,17492.8688043993,0.457000136400001,7961.23828125,665.779125581099
"icl","pos",4,4,"consensus",39.5979988575,56697.717227478,1.14200234411999,12659.7109375,2436.3012733422
"icl","pos",5,4,"consensus",108.9059972763,128740.718863047,18.05300474166,7576.6484375,804.155063581944
"icl","pos",6,4,"consensus",189.26000118258,266164.812577841,2.2839975357,114215.4375,8462.50430819186
"icl","pos",7,4,"consensus",232.23800182344,389113.84831942,1.14199161533998,274035.75,13862.8633183311
"icl","pos",8,4,"consensus",266.11598968506,514855.389640851,0.914011001579979,412822.25,22817.843084906
"icl","pos",9,4,"consensus",295.59700012206,615602.319789717,0.913982391360037,490202.5,43359.9650243652
"icl","pos",10,4,"consensus",322.39299774168,673670.562640557,0.912981033359983,511163.25,48228.996021109
"icl","pos",11,4,"consensus",347.52299308776,690109.855912624,0.914011001639949,516974,44030.7804980897
"icl","pos",12,4,"consensus",372.0669937134,710075.352419368,0.913009643579983,512893.75,38261.6753330493
"icl","pos",13,4,"consensus",396.50799751284,648620.00624344,0.91298103336004,475591.5,45324.1013481222
"icl","pos",14,4,"consensus",420.50900459292,480465.068773282,1.19999885556001,385396.25,33142.7360993101
"icl","pos",15,4,"consensus",444.55101013182,437551.985065952,1.14500999453998,316615.25,23092.7589203667
"icl","pos",16,4,"consensus",468.33300590514,376686.716403497,0.913009643579983,264554.75,13190.8857876297
"icl","pos",17,4,"consensus",491.46400451658,325462.696809615,1.14200592041993,224998.625,16805.7895148203
"icl","pos",18,4,"consensus",514.34801101686,230927.044193819,1.14200592042005,161726.375,10625.5318627808
"icl","pos",19,4,"consensus",536.27901077268,254947.648225151,1.14200592041993,173569,4400.57182108764
"icl","pos",20,4,"consensus",556.89599990844,382121.958000223,1.14303588864004,269616,19723.1871242683
"icl","pos",1,5,"consensus",24.05000030994,15667.7954185425,0.228000283260002,7815.66796875,2053.613646398
"icl","pos",2,5,"consensus",24.96400058268,10013.4786849117,NA,4447.34375,662.926053329736
"icl","pos",4,5,"consensus",40.72700142858,51584.1377924232,NA,10176.609375,1475.32938528581
"icl","pos",5,5,"own",111.22499942778,151819.312845296,17.6119995117,11233.1640625,724.776003562659
"icl","pos",6,5,"own",189.52600479126,265651.508434892,2.05500125880002,114207.3125,7868.32219239229
"icl","pos",7,5,"own",232.27499485014,384589.139349609,0.912995338439998,295934.5,16713.5601270342
"icl","pos",8,5,"own",266.16099357606,539609.041150197,0.913009643579983,442951.25,24085.1690523645
"icl","pos",9,5,"own",295.64801216124,622627.91999804,0.914011001579979,510664.5,49203.281879324
"icl","pos",10,5,"own",322.46601104736,670632.350817918,0.914011001580036,538359,51871.7118575476
"icl","pos",11,5,"consensus",347.83699035642,665356.198551378,0.91300964358004,512633,45703.0656377003
"icl","pos",12,5,"own",372.33598709106,660127.353706869,0.914011001580036,508578,35655.1664766701
"icl","pos",13,5,"own",396.3389968872,616961.982966132,0.914011001580036,489368,50071.7028184359
"icl","pos",14,5,"own",420.57300567624,532175.526361344,0.97200393677997,408895,42361.5548221582
"icl","pos",15,5,"consensus",444.45098876952,413979.54691357,1.14200592041993,314674,23314.8721926251
"icl","pos",16,5,"own",468.44201087952,346506.288613988,1.14200592041999,243343.75,26348.4215500196
"icl","pos",17,5,"own",491.58502578738,300636.975732682,0.91398239135998,227984.625,27241.9345737827
"icl","pos",18,5,"consensus",514.45798873902,197978.361387019,0.913982391359923,150876.125,6550.76981186766
"icl","pos",19,5,"consensus",536.3889884949,214328.300365232,1.14200592041993,148702.125,3743.0352326302
"icl","pos",20,5,"consensus",557.02199935914,327229.409975606,1.14200592042005,239960.375,15995.5485331217
"icl","pos",1,6,"consensus",24.97200071814,8608.91050717924,1.37000083926,3255.7421875,1284.70817273377
"icl","pos",2,6,"consensus",26.11399948596,13395.0313964544,1.14199876782,6408.01171875,572.074434003859
"icl","pos",4,6,"consensus",42.34999895094,61850.7010675636,16.23599946498,4273.76171875,393.191151254542
"icl","pos",5,6,"own",110.08800029754,142271.247114667,18.29499721524,9364.1328125,1006.95397110688
"icl","pos",6,6,"own",189.32600498202,247659.376004302,2.28401184083998,105508.875,7114.52009982463
"icl","pos",7,6,"own",232.08699703218,367427.608811575,0.913996696439995,256331.125,18329.2216627883
"icl","pos",9,6,"own",322.71200180052,560.341128924649,2.28401184078001,174.588623046875,13.4944773847312
"icl","pos",10,6,"own",322.25501060484,605699.230600499,0.914011001640063,465171.5,39217.0426952651
"icl","pos",11,6,"own",347.64101028444,610179.84948487,0.914011001580093,454387.25,52412.6530514923
"icl","pos",12,6,"own",372.15499877928,706793.302989777,0.913982391360037,519502.5,54682.1810696251
"icl","pos",13,6,"own",396.38500213626,668309.692500478,0.913982391299953,465575,80619.241540277
"icl","pos",14,6,"own",420.61500549318,508447.405623727,1.19999885556001,387427.75,40688.7005203265
"icl","pos",15,6,"own",444.46200370788,421347.537919697,1.14197731013996,299716.75,31630.2534054074
"icl","pos",16,6,"own",468.00599098206,353848.000050222,0.929002761839968,249152.5,25439.4517384194
"icl","pos",17,6,"own",491.39499664308,299806.541312122,1.14200592035996,196639.125,24761.0936793957
"icl","pos",18,6,"own",514.25199508668,195702.801107041,1.14200592042005,132670,11245.0320325853
"icl","pos",19,6,"own",535.96601486208,205537.211319272,1.14194869998005,134358.875,5320.50591792982
"icl","pos",20,6,"own",556.83099746706,243490.722076459,0.914039611800035,162801.375,10745.6702576021
